average_temperature,max_temperature,min_temperature,rainfall,rain_type,snow_depth,snow_type,sunshine_hours,average_wind_speed,max_wind_speed,gusts,date
-0.2,2.4,-7.2,0.1,sn,0,2,0.0,5.1,10.4,16.6,2019-01-01
7.7,8.2,1.5,1.1,sl,0,0,0.0,7.8,11.6,19.0,2019-01-02
8.0,9.9,6.1,11.9,ri,0,0,0.0,8.0,14.0,22.8,2019-01-03
8.8,9.6,5.7,0.8,ri,0,0,0.0,8.3,11.4,18.1,2019-01-04
4.0,9.0,0.7,6.1,ri,0,0,0.2,6.1,9.0,15.0,2019-01-05
3.0,5.0,0.3,4.0,sl,0,2,0.0,4.6,8.3,14.6,2019-01-06
3.0,5.1,2.2,2.3,ri,0,0,0.0,3.8,7.5,13.4,2019-01-07
3.7,5.4,-0.2,0.0,,0,0,0.0,4.7,9.8,14.7,2019-01-08
7.9,9.1,4.8,1.9,ri,0,0,0.0,8.4,11.1,20.0,2019-01-09
3.3,8.6,2.4,2.2,ri,0,0,1.0,3.2,7.4,11.9,2019-01-10
5.7,7.9,2.5,0.1,ri,0,0,0.0,5.5,8.7,14.3,2019-01-11
1.1,5.0,0.3,6.7,ri,0,0,0.0,2.0,6.8,12.2,2019-01-12
-1.0,1.3,-3.0,5.1,sl,0,2,1.7,2.8,7.1,11.0,2019-01-13
-0.6,2.5,-3.6,0.0,,0,2,0.0,6.4,9.3,15.9,2019-01-14
-0.2,2.5,-1.4,5.1,sn,0,2,0.0,2.6,8.9,15.6,2019-01-15
-4.8,0.3,-7.4,0.0,,0,2,3.8,2.0,3.9,6.1,2019-01-16
-0.2,0.3,-6.4,0.0,,0,2,0.0,3.4,5.9,9.3,2019-01-17
3.3,4.3,0.2,3.0,sl,7,4,0.0,3.8,6.8,11.8,2019-01-18
1.4,5.2,-0.7,1.9,ri,0,0,0.0,4.4,12.1,19.2,2019-01-19
-0.1,0.8,-2.1,17.4,sn,11,4,0.8,5.2,11.5,17.5,2019-01-20
-1.7,4.0,-3.1,10.4,sl,13,4,0.0,1.8,4.6,8.6,2019-01-21
-2.6,0.7,-4.5,5.5,sn,18,4,1.9,1.6,4.7,8.6,2019-01-22
-3.8,-0.6,-6.0,9.6,sn,26,4,1.5,1.6,3.5,5.6,2019-01-23
-0.9,0.6,-7.1,2.5,sn,29,4,0.2,3.4,7.7,12.5,2019-01-24
-1.1,1.4,-4.4,0.4,sn,24,4,4.8,3.0,7.3,12.1,2019-01-25
-5.0,0.8,-8.0,0.0,,23,4,5.8,1.8,4.2,7.8,2019-01-26
-3.5,-1.2,-9.0,0.0,,22,4,0.1,3.3,6.8,11.6,2019-01-27
-4.3,-0.9,-6.6,4.8,sn,29,4,2.6,2.3,4.0,6.5,2019-01-28
-5.9,-2.1,-8.4,0.0,,26,4,5.7,2.1,4.2,7.9,2019-01-29
-6.3,-3.4,-9.1,0.0,,26,4,1.2,2.2,5.0,7.9,2019-01-30
-4.7,-2.0,-9.3,0.0,,25,4,6.1,1.6,3.2,6.0,2019-01-31
-6.7,-2.9,-7.8,0.0,,25,4,6.4,2.7,6.5,12.6,2019-02-01
-8.0,-5.6,-12.0,0.0,,22,4,4.7,3.3,5.8,9.9,2019-02-02
-2.9,-0.5,-6.6,0.0,,22,4,0.0,1.9,5.6,8.6,2019-02-03
-3.1,0.0,-7.4,3.5,sn,31,4,0.5,1.8,5.4,9.4,2019-02-04
2.9,3.9,-1.9,0.0,,27,4,0.0,8.4,12.6,23.3,2019-02-05
2.0,4.1,1.5,0.1,sl,18,4,0.0,6.4,11.5,21.0,2019-02-06
-1.5,2.2,-4.5,0.0,,17,4,7.2,2.5,8.8,16.0,2019-02-07
-3.0,0.5,-5.1,0.0,,18,4,6.5,6.5,9.7,17.7,2019-02-08
-0.4,2.1,-6.9,0.0,,18,4,7.1,4.2,9.0,18.1,2019-02-09
-4.2,-0.4,-7.0,0.0,,17,4,5.6,1.8,4.3,6.6,2019-02-10
1.4,3.4,-3.8,0.0,,0,2,0.7,4.7,9.2,16.3,2019-02-11
2.5,5.4,1.4,2.7,sl,0,2,3.1,5.7,16.2,26.9,2019-02-12
0.1,3.4,-1.0,2.0,sl,12,4,6.1,1.8,3.5,7.3,2019-02-13
0.3,3.4,-1.7,4.0,sn,18,4,1.2,2.3,5.1,8.4,2019-02-14
-0.5,2.3,-2.9,2.4,sn,19,4,5.1,1.6,3.4,7.2,2019-02-15
-2.3,1.6,-7.1,0.3,sn,17,4,0.2,3.1,5.8,10.1,2019-02-16
1.7,3.6,-2.0,1.2,sn,15,4,0.1,3.4,7.6,12.3,2019-02-17
-1.1,2.7,-4.0,1.5,sl,14,4,8.1,3.2,7.0,13.8,2019-02-18
1.8,3.9,-2.6,0.1,sn,14,4,1.2,7.0,9.5,17.6,2019-02-19
4.5,6.1,1.3,4.7,sl,0,2,3.0,5.6,12.8,22.2,2019-02-20
6.7,8.2,3.3,4.0,ri,0,0,3.7,9.1,13.0,21.0,2019-02-21
7.1,10.0,3.2,5.5,sl,0,0,0.0,7.8,14.8,26.4,2019-02-22
4.8,8.1,3.9,14.3,ri,0,0,0.5,4.2,8.2,14.0,2019-02-23
4.0,5.9,1.2,1.3,ri,0,0,0.3,4.8,10.1,17.9,2019-02-24
6.7,8.0,4.4,5.2,sl,0,0,0.0,6.7,12.5,20.2,2019-02-25
5.6,9.0,3.8,7.7,ri,0,0,0.0,5.5,10.6,17.4,2019-02-26
5.0,7.2,2.5,12.4,ri,0,0,2.1,3.4,6.7,10.1,2019-02-27
5.2,6.8,2.8,0.0,,0,0,0.6,4.7,7.4,12.0,2019-02-28
5.3,7.6,4.1,0.7,ri,0,0,0.0,2.9,6.6,11.4,2019-03-01
2.5,6.4,1.4,29.5,ri,0,0,8.7,2.3,5.2,8.6,2019-03-02
1.0,5.4,-3.3,0.0,,0,0,3.2,1.7,4.8,8.5,2019-03-03
-0.1,4.6,-0.8,0.0,,0,0,1.6,1.5,4.4,8.4,2019-03-04
-1.3,2.0,-3.9,0.0,,0,0,7.5,1.2,3.3,5.9,2019-03-05
-2.1,0.9,-5.8,0.0,,0,0,9.8,3.3,7.9,14.5,2019-03-06
-1.4,3.6,-6.1,0.0,,0,0,5.9,3.0,6.0,10.5,2019-03-07
-0.2,3.0,-4.3,0.1,sn,0,0,6.9,6.3,9.4,16.4,2019-03-08
0.8,3.9,-0.6,0.0,,0,0,3.9,3.2,8.4,14.0,2019-03-09
-0.8,3.3,-3.9,0.0,,0,0,8.8,1.2,4.2,6.1,2019-03-10
1.9,4.0,-3.0,0.2,sn,0,2,0.0,8.0,14.2,25.2,2019-03-11
3.4,6.4,3.3,0.3,sn,0,0,3.2,4.6,11.4,22.2,2019-03-12
0.4,5.9,-1.4,0.0,,0,0,0.0,3.2,6.4,12.5,2019-03-13
1.5,5.0,-0.4,4.7,sl,0,0,1.9,1.6,3.4,5.9,2019-03-14
1.5,5.4,-0.9,0.2,ri,0,0,4.4,2.9,5.4,9.0,2019-03-15
1.7,5.0,0.2,0.2,sl,0,0,3.2,2.4,5.5,9.0,2019-03-16
1.9,4.1,0.3,1.3,sl,0,0,1.7,2.6,4.2,8.0,2019-03-17
5.3,7.0,2.3,0.4,ri,0,0,0.0,5.5,8.7,15.2,2019-03-18
2.0,6.9,0.1,9.4,sl,1,4,4.3,7.1,11.4,20.3,2019-03-19
-0.8,2.9,-2.7,3.5,sl,0,2,4.5,10.1,12.6,22.0,2019-03-20
0.4,4.3,-3.2,2.1,sn,0,2,5.8,4.5,11.0,16.8,2019-03-21
0.7,2.8,-0.8,1.8,sn,0,2,0.0,7.2,12.0,19.5,2019-03-22
0.3,3.7,-2.3,3.4,sn,2,4,0.4,4.2,11.5,18.6,2019-03-23
0.7,2.6,-0.7,4.6,sl,2,4,0.7,4.0,8.1,14.0,2019-03-24
5.4,8.2,-1.4,2.5,sl,0,2,0.0,7.6,9.3,16.4,2019-03-25
3.8,8.2,3.2,8.4,ri,0,0,2.4,5.1,8.3,14.3,2019-03-26
2.4,5.8,-0.1,4.8,sl,0,0,3.9,9.8,14.2,24.9,2019-03-27
-1.2,1.0,-3.1,6.6,sl,6,4,5.0,5.6,11.1,18.3,2019-03-28
-0.3,3.2,-2.3,4.5,sl,7,4,8.2,3.7,10.0,17.7,2019-03-29
-1.2,2.2,-6.2,0.7,sn,6,4,2.5,2.9,5.2,9.6,2019-03-30
1.9,4.6,-0.7,1.6,sl,0,2,0.0,3.6,7.3,13.6,2019-03-31
-0.7,5.4,-2.4,11.2,sl,15,4,6.1,3.4,7.2,13.3,2019-04-01
-1.0,3.9,-2.8,2.8,sn,11,4,10.7,3.0,10.9,17.9,2019-04-02
3.3,6.3,-3.5,0.0,,8,4,0.5,7.7,10.8,17.7,2019-04-03
3.2,5.4,2.4,1.0,ri,0,0,0.0,2.3,8.6,14.0,2019-04-04
4.1,8.9,1.1,1.7,ri,0,0,11.6,1.6,5.8,9.8,2019-04-05
3.3,6.2,-0.1,0.0,,0,0,1.7,3.2,4.6,7.1,2019-04-06
3.8,7.7,0.4,0.0,,0,0,10.5,3.1,4.9,7.9,2019-04-07
4.5,8.2,1.0,0.0,,0,0,6.2,4.0,6.4,11.2,2019-04-08
5.5,8.5,3.5,0.0,,0,0,1.2,3.7,5.8,9.9,2019-04-09
6.3,9.0,3.7,0.0,,0,0,3.9,5.0,7.4,12.5,2019-04-10
7.4,10.0,5.2,0.0,,0,0,0.0,6.2,10.4,19.0,2019-04-11
9.5,11.9,6.6,1.0,ri,0,0,0.9,11.3,15.5,25.6,2019-04-12
8.6,11.9,7.6,3.4,ri,0,0,2.3,9.4,16.2,25.9,2019-04-13
9.0,11.4,6.5,7.9,ri,0,0,8.9,9.5,13.0,20.4,2019-04-14
7.8,9.7,6.4,6.3,ri,0,0,2.8,6.0,9.9,15.7,2019-04-15
7.5,11.1,4.4,4.1,ri,0,0,4.5,9.2,16.9,28.4,2019-04-16
7.7,9.3,6.1,4.6,ri,0,0,1.0,6.6,10.8,18.8,2019-04-17
7.7,9.0,6.3,6.1,ri,0,0,1.1,6.6,9.3,16.9,2019-04-18
7.7,10.0,7.0,1.2,ri,0,0,1.5,7.8,11.5,18.5,2019-04-19
5.5,8.2,4.0,7.9,ri,0,0,2.8,5.8,8.3,14.8,2019-04-20
5.8,7.8,4.1,2.7,ri,0,0,0.0,2.6,4.7,9.5,2019-04-21
5.6,9.4,1.6,0.0,,0,0,10.2,1.7,4.4,6.7,2019-04-22
6.8,10.0,3.5,3.0,ri,0,0,0.2,5.3,13.5,22.4,2019-04-23
7.5,11.0,6.1,2.3,ri,0,0,0.0,3.1,8.0,13.2,2019-04-24
10.8,14.7,7.1,7.3,ri,0,0,5.9,3.7,6.8,12.1,2019-04-25
9.4,13.1,8.0,2.5,ri,0,0,4.3,3.9,9.1,15.4,2019-04-26
9.2,12.7,7.1,4.2,ri,0,0,4.4,3.8,7.9,12.2,2019-04-27
8.9,12.1,8.2,0.2,ri,0,0,3.5,5.9,11.4,19.3,2019-04-28
9.7,13.3,6.5,0.0,,0,0,6.2,4.6,10.0,16.6,2019-04-29
11.3,17.1,7.6,0.0,,0,0,3.5,3.2,6.1,9.4,2019-04-30
9.6,14.0,7.7,0.1,ri,0,0,5.4,1.9,3.8,6.2,2019-05-01
6.4,10.0,5.9,1.3,ri,0,0,0.0,1.6,4.0,7.8,2019-05-02
5.0,9.5,1.4,8.6,ri,0,0,7.4,4.3,6.9,11.5,2019-05-03
6.2,10.5,4.0,0.2,ri,0,0,2.0,2.0,4.3,7.2,2019-05-04
7.7,11.5,1.8,0.0,,0,0,14.1,2.4,5.6,8.7,2019-05-05
7.8,11.5,6.4,0.0,,0,0,4.0,1.7,3.3,5.9,2019-05-06
6.7,10.9,3.8,0.0,,0,0,10.4,3.5,6.3,11.0,2019-05-07
4.4,10.3,1.8,0.0,,0,0,1.9,2.9,5.1,8.8,2019-05-08
4.8,8.9,2.8,0.0,,0,0,14.0,3.4,6.0,11.0,2019-05-09
2.8,8.8,-1.6,0.0,,0,0,13.4,3.1,6.5,12.4,2019-05-10
2.7,6.2,-1.8,0.0,,0,0,16.5,3.4,6.6,11.2,2019-05-11
4.4,8.4,-1.0,0.0,,0,0,3.9,5.0,10.1,19.1,2019-05-12
8.6,11.4,3.3,4.0,ri,0,0,0.6,6.2,11.6,19.1,2019-05-13
10.7,14.4,8.4,1.5,ri,0,0,5.7,5.8,10.2,16.2,2019-05-14
9.6,11.5,8.4,0.2,ri,0,0,0.0,5.8,13.0,20.1,2019-05-15
10.2,13.7,8.7,4.9,ri,0,0,8.2,4.1,7.1,10.2,2019-05-16
9.4,13.1,7.9,4.8,ri,0,0,0.0,2.5,4.1,8.5,2019-05-17
9.1,11.0,8.1,2.5,ri,0,0,0.0,1.9,4.3,7.2,2019-05-18
8.6,11.4,7.7,3.4,ri,0,0,1.1,1.9,4.2,6.7,2019-05-19
8.2,9.6,6.8,1.9,ri,0,0,0.4,1.7,4.6,8.1,2019-05-20
9.5,12.3,7.3,0.2,ri,0,0,6.6,1.5,3.9,5.9,2019-05-21
10.5,14.9,6.4,0.3,ri,0,0,11.7,2.0,3.6,5.6,2019-05-22
9.7,13.8,8.2,0.0,,0,0,12.2,2.6,4.9,8.1,2019-05-23
9.0,12.6,6.1,0.0,,0,0,12.2,2.1,4.2,6.2,2019-05-24
9.2,12.4,5.8,0.0,,0,0,3.8,2.1,3.8,6.1,2019-05-25
8.8,12.6,6.4,0.1,ri,0,0,9.0,2.9,4.2,7.0,2019-05-26
10.0,13.4,5.7,0.0,,0,0,16.8,3.1,5.5,9.5,2019-05-27
6.8,12.9,2.9,0.0,,0,0,12.0,2.8,6.0,11.1,2019-05-28
6.5,12.3,-0.2,0.0,,0,0,17.4,2.8,6.7,11.4,2019-05-29
8.1,12.2,3.6,0.0,,0,0,16.6,3.6,5.4,8.7,2019-05-30
8.4,12.0,4.4,0.0,,0,0,9.5,2.2,5.1,7.8,2019-05-31
8.7,12.6,5.1,0.0,,0,0,14.8,2.6,6.3,8.8,2019-06-01
6.5,11.3,2.6,1.9,ri,0,0,13.6,3.7,7.4,12.5,2019-06-02
7.2,12.3,1.2,0.0,,0,0,15.2,3.9,7.5,14.3,2019-06-03
6.6,10.8,2.4,0.0,,0,0,13.5,4.8,7.6,14.2,2019-06-04
7.9,12.6,4.5,0.0,,0,0,12.9,3.5,6.8,12.0,2019-06-05
9.3,13.9,2.5,0.0,,0,0,17.3,3.0,7.0,11.9,2019-06-06
10.5,13.9,3.8,0.0,,0,0,16.7,3.3,6.6,10.7,2019-06-07
10.9,16.2,6.4,0.0,,0,0,17.5,3.1,6.4,11.4,2019-06-08
10.9,14.4,5.7,0.0,,0,0,15.1,2.0,5.1,8.0,2019-06-09
10.8,14.2,7.6,0.0,,0,0,17.3,2.4,4.4,6.9,2019-06-10
10.9,14.9,6.2,0.0,,0,0,14.5,1.6,3.7,5.7,2019-06-11
10.6,13.5,8.3,0.0,,0,0,11.8,2.6,4.8,7.9,2019-06-12
12.4,16.6,9.6,0.0,,0,0,7.4,3.5,5.7,9.9,2019-06-13
13.6,21.1,9.2,0.0,,0,0,11.2,2.4,4.8,8.2,2019-06-14
12.9,19.0,9.4,0.0,,0,0,8.9,2.1,5.5,8.8,2019-06-15
11.4,15.3,9.0,0.8,ri,0,0,10.4,1.6,4.3,6.6,2019-06-16
11.6,19.5,8.1,0.0,,0,0,6.3,2.0,4.3,7.4,2019-06-17
8.1,17.4,7.2,0.0,,0,0,12.0,6.7,10.1,17.0,2019-06-18
8.4,11.4,5.8,0.0,,0,0,4.6,3.3,7.8,14.5,2019-06-19
9.5,13.2,6.6,2.0,ri,0,0,6.4,3.2,6.3,11.3,2019-06-20
9.8,13.0,6.4,0.0,,0,0,8.6,2.6,5.3,8.5,2019-06-21
10.4,13.3,6.7,0.0,,0,0,17.5,2.7,5.4,9.7,2019-06-22
10.7,13.3,7.6,0.0,,0,0,6.3,1.2,3.7,5.8,2019-06-23
11.9,14.7,10.0,0.5,ri,0,0,9.9,2.6,4.3,7.1,2019-06-24
11.4,13.3,9.8,0.1,ri,0,0,0.0,4.0,6.0,9.9,2019-06-25
11.2,12.1,10.1,0.1,ri,0,0,0.0,3.7,5.5,8.9,2019-06-26
12.8,18.6,10.6,10.3,ri,0,0,1.7,3.2,5.2,8.8,2019-06-27
11.2,14.1,9.1,8.5,ri,0,0,3.7,2.2,5.7,8.6,2019-06-28
11.6,15.8,7.7,0.1,ri,0,0,0.0,2.6,4.8,7.7,2019-06-29
11.1,16.2,8.0,5.2,ri,0,0,8.8,2.2,6.3,11.4,2019-06-30
9.6,14.8,7.7,0.0,,0,0,12.5,3.0,6.4,11.7,2019-07-01
11.4,14.6,6.8,0.0,,0,0,7.1,1.5,3.2,5.9,2019-07-02
11.1,14.2,10.0,0.6,ri,0,0,1.3,3.8,6.5,12.2,2019-07-03
10.1,12.5,8.2,3.6,ri,0,0,4.1,2.4,4.2,8.0,2019-07-04
12.4,16.5,8.4,10.0,ri,0,0,16.6,4.6,7.7,13.3,2019-07-05
13.2,17.8,7.6,0.0,,0,0,17.5,1.8,4.2,6.1,2019-07-06
13.0,18.8,8.9,0.0,,0,0,17.0,2.2,5.7,9.9,2019-07-07
10.6,17.1,5.8,0.0,,0,0,5.4,1.8,4.6,7.4,2019-07-08
12.6,15.9,9.6,0.5,ri,0,0,6.8,2.5,5.1,7.9,2019-07-09
12.0,15.1,10.5,0.0,,0,0,0.0,1.9,4.5,7.5,2019-07-10
12.4,14.4,10.5,0.5,ri,0,0,0.5,1.2,2.8,4.0,2019-07-11
12.9,15.0,11.1,1.2,ri,0,0,0.3,1.0,1.9,3.2,2019-07-12
12.8,15.4,11.9,0.1,ri,0,0,0.0,1.6,4.6,7.5,2019-07-13
12.8,14.5,10.5,3.6,ri,0,0,0.0,3.4,4.7,8.7,2019-07-14
14.2,16.0,13.1,4.1,ri,0,0,0.0,3.8,7.2,10.8,2019-07-15
13.7,17.1,12.4,0.9,ri,0,0,0.1,2.1,4.1,6.4,2019-07-16
14.2,17.2,11.8,15.9,ri,0,0,11.0,2.2,5.5,10.1,2019-07-17
15.4,20.2,10.2,0.1,ri,0,0,14.5,1.5,5.3,8.5,2019-07-18
13.4,20.0,10.0,0.0,,0,0,10.3,2.4,5.2,9.5,2019-07-19
15.2,19.9,10.2,0.3,ri,0,0,13.7,2.2,4.8,8.1,2019-07-20
14.3,19.3,11.7,0.1,ri,0,0,7.9,1.9,4.2,7.4,2019-07-21
14.3,17.0,12.3,0.0,,0,0,2.9,1.6,3.6,5.6,2019-07-22
13.9,16.7,11.8,0.7,ri,0,0,6.7,1.6,3.0,4.9,2019-07-23
14.3,17.2,12.0,0.0,,0,0,14.4,2.8,6.4,10.3,2019-07-24
13.2,16.7,11.0,0.0,,0,0,1.4,1.4,3.4,5.2,2019-07-25
15.0,18.6,11.3,0.0,,0,0,9.9,2.1,6.0,9.0,2019-07-26
14.8,19.8,12.8,3.0,ri,0,0,2.9,3.4,9.6,15.9,2019-07-27
14.6,16.2,12.8,6.0,ri,0,0,0.0,3.2,7.0,11.1,2019-07-28
15.7,19.6,12.8,4.8,ri,0,0,7.4,1.4,2.8,4.5,2019-07-29
15.8,19.0,13.1,0.2,ri,0,0,1.3,2.2,4.8,8.8,2019-07-30
16.1,19.6,14.3,0.2,ri,0,0,1.1,2.7,7.3,12.6,2019-07-31
13.3,16.2,10.5,0.0,,0,0,14.3,1.8,3.7,7.4,2019-08-01
12.2,14.8,9.1,0.0,,0,0,9.0,1.2,3.0,5.0,2019-08-02
12.3,15.3,10.8,0.0,,0,0,0.2,1.4,3.5,5.4,2019-08-03
12.7,14.9,11.0,0.0,,0,0,2.4,1.5,3.0,4.7,2019-08-04
13.7,16.2,11.2,0.0,,0,0,9.6,2.6,5.1,8.7,2019-08-05
12.3,16.4,10.5,0.0,,0,0,5.1,2.9,5.7,8.3,2019-08-06
12.2,15.8,10.1,0.0,,0,0,11.7,2.2,3.9,7.0,2019-08-07
10.6,15.8,5.5,0.0,,0,0,14.7,3.7,7.3,12.0,2019-08-08
10.1,14.2,5.0,0.0,,0,0,15.2,2.6,7.2,12.5,2019-08-09
8.6,14.2,5.0,0.0,,0,0,14.3,5.2,9.8,16.5,2019-08-10
9.0,12.1,7.4,0.0,,0,0,8.1,5.2,9.1,15.4,2019-08-11
8.8,11.7,8.0,0.0,,0,0,5.0,6.2,7.9,15.5,2019-08-12
9.5,13.0,6.7,0.3,ri,0,0,11.0,4.2,6.8,13.1,2019-08-13
9.2,14.0,4.5,0.0,,0,0,9.1,2.5,5.3,9.8,2019-08-14
9.6,13.7,5.3,0.0,,0,0,8.9,1.9,3.2,5.0,2019-08-15
11.0,16.9,5.8,2.5,ri,0,0,11.1,3.6,7.9,15.1,2019-08-16
10.7,15.7,6.4,0.0,,0,0,14.5,3.3,7.0,14.3,2019-08-17
9.6,12.9,6.2,0.0,,0,0,1.2,2.4,7.1,12.7,2019-08-18
9.8,14.6,4.1,0.0,,0,0,13.8,2.0,4.6,7.0,2019-08-19
10.3,15.8,6.4,0.0,,0,0,2.6,4.1,6.5,10.6,2019-08-20
13.5,17.7,10.7,0.0,,0,0,0.2,3.8,7.8,14.0,2019-08-21
12.6,16.9,9.8,0.1,ri,0,0,9.4,2.0,3.6,5.7,2019-08-22
12.1,16.7,10.5,2.4,ri,0,0,6.3,2.5,5.0,8.4,2019-08-23
11.6,14.3,10.1,2.6,ri,0,0,8.2,1.5,3.6,6.2,2019-08-24
10.3,13.6,9.0,0.0,,0,0,0.0,5.5,11.1,20.1,2019-08-25
11.2,14.2,10.3,17.3,ri,0,0,1.6,5.2,8.2,15.0,2019-08-26
10.6,12.9,9.4,8.9,ri,0,0,1.1,3.6,6.7,12.2,2019-08-27
9.9,11.7,8.6,1.4,ri,0,0,0.0,1.9,3.6,6.5,2019-08-28
10.1,12.9,8.3,1.6,ri,0,0,3.9,1.7,4.1,7.2,2019-08-29
8.3,11.7,4.9,1.2,ri,0,0,8.1,2.2,5.9,9.8,2019-08-30
7.9,10.4,6.2,0.1,ri,0,0,0.0,1.4,4.0,6.9,2019-08-31
7.7,10.7,3.6,3.7,ri,0,0,13.3,2.3,4.3,7.0,2019-09-01
7.7,13.3,2.9,0.0,,0,0,13.6,1.6,4.0,7.5,2019-09-02
8.4,13.5,2.9,0.0,,0,0,12.7,2.0,5.3,10.3,2019-09-03
9.3,12.3,6.8,1.9,ri,0,0,0.7,1.9,4.9,8.1,2019-09-04
10.6,12.8,8.8,5.7,ri,0,0,0.4,2.5,4.9,8.3,2019-09-05
10.9,13.2,9.6,4.2,ri,0,0,1.9,2.4,5.8,10.0,2019-09-06
11.3,13.6,9.9,4.9,ri,0,0,0.0,5.6,12.1,19.9,2019-09-07
10.0,12.9,8.2,8.7,ri,0,0,5.9,2.7,5.2,8.6,2019-09-08
9.2,13.5,6.5,1.3,ri,0,0,7.1,1.4,2.8,4.9,2019-09-09
9.3,11.6,8.0,2.0,ri,0,0,0.2,3.3,7.8,14.1,2019-09-10
8.3,11.3,7.8,2.2,ri,0,0,1.2,3.5,6.7,12.2,2019-09-11
7.2,10.6,5.2,4.9,ri,0,0,5.8,3.0,6.4,10.6,2019-09-12
7.9,10.7,5.2,3.1,ri,0,0,9.7,4.8,8.9,15.6,2019-09-13
7.2,11.0,6.2,3.4,ri,0,0,0.2,6.6,9.8,18.3,2019-09-14
5.5,9.5,1.9,7.9,ri,0,0,3.3,6.1,10.6,19.2,2019-09-15
6.9,9.5,2.8,7.5,ri,0,0,3.2,4.2,10.1,18.0,2019-09-16
7.3,11.0,4.1,0.2,ri,0,0,8.6,1.7,3.0,5.3,2019-09-17
8.2,10.0,5.3,8.4,ri,0,0,0.0,5.4,9.4,16.3,2019-09-18
12.0,13.1,9.8,32.4,ri,0,0,0.0,6.3,9.0,15.6,2019-09-19
12.4,13.2,11.8,14.6,ri,0,0,0.0,4.8,9.4,15.8,2019-09-20
12.9,14.6,11.7,3.6,ri,0,0,0.0,4.9,9.2,17.2,2019-09-21
12.7,15.1,12.1,0.1,ri,0,0,0.4,5.8,8.3,13.3,2019-09-22
11.3,15.2,10.3,0.8,ri,0,0,4.2,3.0,8.9,12.7,2019-09-23
11.7,13.6,10.0,15.6,ri,0,0,2.8,3.3,6.7,11.0,2019-09-24
13.1,16.6,10.5,0.2,ri,0,0,4.3,3.6,6.6,10.8,2019-09-25
15.0,18.5,12.0,1.0,ri,0,0,2.6,2.2,5.3,10.0,2019-09-26
12.2,16.3,12.2,0.1,ri,0,0,5.1,1.8,5.6,12.0,2019-09-27
8.6,14.0,4.2,0.0,,0,0,10.2,1.8,3.6,5.7,2019-09-28
7.1,12.3,3.3,0.0,,0,0,10.4,1.3,3.5,5.8,2019-09-29
6.7,11.3,4.1,0.0,,0,0,8.1,1.3,2.5,3.6,2019-09-30
6.8,10.2,2.1,0.0,,0,0,1.3,1.4,3.1,4.5,2019-10-01
6.8,8.9,6.2,0.0,,0,0,1.8,4.2,8.4,14.1,2019-10-02
7.7,8.8,5.4,3.2,ri,0,0,0.0,6.4,11.1,18.6,2019-10-03
8.9,11.0,7.5,4.9,ri,0,0,2.0,8.2,14.5,23.6,2019-10-04
8.8,10.3,8.1,16.2,ri,0,0,0.0,5.8,12.8,20.2,2019-10-05
9.6,11.2,7.4,12.6,ri,0,0,2.3,3.9,5.8,10.1,2019-10-06
11.0,13.1,8.7,5.6,ri,0,0,0.0,5.0,9.9,17.7,2019-10-07
10.1,13.2,6.9,2.8,ri,0,0,3.1,1.1,4.0,7.4,2019-10-08
7.8,12.6,6.5,0.3,ri,0,0,4.0,2.1,4.9,8.1,2019-10-09
5.5,8.4,2.1,0.0,,0,0,4.7,3.3,7.1,15.1,2019-10-10
7.8,10.1,6.0,0.0,,0,0,2.1,1.9,4.6,8.2,2019-10-11
5.4,9.0,3.7,0.0,,0,0,2.2,2.7,4.9,7.4,2019-10-12
5.6,6.9,4.3,0.0,,0,0,0.2,3.7,6.8,10.4,2019-10-13
6.5,8.4,3.9,0.0,,0,0,4.0,6.1,9.4,18.0,2019-10-14
10.0,11.0,6.9,7.0,ri,0,0,2.2,8.1,11.7,19.7,2019-10-15
10.1,11.8,9.5,0.7,ri,0,0,0.0,4.0,8.9,17.0,2019-10-16
5.4,10.6,3.8,0.0,,0,0,7.5,1.5,4.0,6.2,2019-10-17
3.6,8.4,0.2,0.0,,0,0,7.4,1.7,4.2,7.0,2019-10-18
4.9,7.1,3.3,0.4,ri,0,0,2.7,1.5,3.5,5.4,2019-10-19
6.5,8.1,4.2,0.5,ri,0,0,0.0,4.6,9.4,17.8,2019-10-20
4.2,9.1,3.3,16.2,ri,0,0,3.2,4.1,8.4,14.6,2019-10-21
0.5,3.5,-0.7,0.0,,0,0,0.0,4.0,6.7,14.2,2019-10-22
-2.3,1.2,-2.8,0.0,,0,0,7.4,5.4,7.6,14.5,2019-10-23
-0.4,1.4,-3.8,0.2,sn,0,0,0.0,5.6,11.2,20.3,2019-10-24
-0.1,1.8,-1.1,0.0,,0,2,4.1,6.1,9.3,17.8,2019-10-25
-0.9,4.1,-2.8,0.0,,0,0,8.1,1.5,5.3,10.2,2019-10-26
-0.5,4.0,-6.1,0.0,,0,0,7.9,1.0,2.1,3.2,2019-10-27
3.5,7.2,0.2,0.2,ri,0,0,3.3,1.6,3.2,5.4,2019-10-28
5.9,6.8,4.2,0.6,ri,0,0,0.0,2.9,4.5,7.6,2019-10-29
5.8,7.1,4.7,2.1,ri,0,0,0.0,2.6,3.5,6.8,2019-10-30
4.2,6.2,3.2,3.9,ri,0,0,0.5,1.4,3.6,6.2,2019-10-31
2.5,5.8,-1.3,0.1,ri,0,0,5.4,1.8,3.5,5.9,2019-11-01
3.1,4.7,0.5,0.0,,0,0,0.0,2.9,5.4,8.3,2019-11-02
3.9,5.5,2.8,0.0,,0,0,0.0,3.4,7.5,13.6,2019-11-03
2.4,4.3,1.4,1.2,ri,0,0,1.2,2.3,5.6,8.8,2019-11-04
0.4,2.8,-0.5,4.3,ri,0,0,3.1,3.0,4.9,7.4,2019-11-05
1.4,2.7,-0.5,0.0,,0,0,4.0,3.5,4.8,7.2,2019-11-06
2.7,4.1,0.7,0.1,ri,0,0,0.0,2.9,4.2,7.0,2019-11-07
3.5,5.1,1.7,1.1,ri,0,0,0.0,7.7,10.6,20.6,2019-11-08
3.9,5.0,2.0,8.1,sl,0,0,2.8,4.1,9.9,20.4,2019-11-09
5.8,7.2,3.2,0.9,ri,0,0,0.0,8.2,12.5,23.4,2019-11-10
4.1,6.7,1.1,14.4,ri,0,0,0.0,4.1,12.2,21.0,2019-11-11
2.7,4.6,2.3,13.4,sl,0,0,0.0,3.5,5.6,9.1,2019-11-12
0.5,3.2,-0.8,1.9,sl,0,0,5.5,1.2,5.5,8.9,2019-11-13
-1.1,2.3,-4.2,0.0,,0,0,4.2,1.7,6.1,9.9,2019-11-14
3.1,5.7,-2.2,8.9,ri,0,0,0.0,5.1,12.6,21.5,2019-11-15
1.7,4.4,-0.1,8.7,sl,0,2,1.0,3.0,7.8,13.5,2019-11-16
0.1,3.7,-1.5,3.3,sl,0,2,3.3,2.8,5.0,8.1,2019-11-17
3.0,4.3,-1.6,0.1,sl,3,4,0.0,7.6,12.7,23.2,2019-11-18
4.9,6.0,3.7,1.3,ri,0,0,0.0,7.8,11.6,19.5,2019-11-19
4.3,5.5,3.6,0.7,ri,0,0,2.4,3.8,6.8,11.3,2019-11-20
5.6,7.1,2.7,0.1,ri,0,0,0.0,3.7,7.2,11.5,2019-11-21
6.2,7.3,4.8,1.8,ri,0,0,0.7,2.2,5.6,9.4,2019-11-22
5.1,7.0,4.5,0.6,ri,0,0,0.0,1.6,3.5,5.9,2019-11-23
2.0,4.8,-0.4,0.0,,0,0,1.8,0.6,3.4,5.9,2019-11-24
0.9,3.7,-0.6,0.0,,0,0,4.0,1.0,3.9,5.9,2019-11-25
-0.4,2.8,-1.5,0.0,,0,0,4.7,1.2,2.7,4.0,2019-11-26
-2.8,0.0,-4.3,0.0,,0,0,3.5,1.0,3.0,4.9,2019-11-27
-1.0,1.6,-4.8,0.0,,0,0,0.6,1.4,3.6,5.0,2019-11-28
0.2,1.4,-0.9,1.7,sl,0,0,0.0,1.3,2.8,4.3,2019-11-29
2.1,3.4,-0.5,0.4,sl,0,0,1.0,1.7,3.4,5.4,2019-11-30
4.8,5.8,2.3,1.9,ri,0,0,0.0,3.3,7.4,12.2,2019-12-01
8.4,10.0,5.6,1.4,ri,0,0,0.0,6.8,11.4,18.7,2019-12-02
5.4,9.8,3.8,7.8,ri,0,0,0.0,5.3,10.1,16.2,2019-12-03
-0.7,4.1,-2.1,7.2,sl,4,4,0.0,3.2,8.8,13.9,2019-12-04
-2.5,2.2,-4.6,4.7,sn,8,4,2.3,1.4,7.8,13.8,2019-12-05
-2.5,0.2,-5.6,0.0,,5,4,2.5,2.6,5.6,10.4,2019-12-06
-1.2,0.9,-5.9,0.0,,6,4,0.0,4.5,8.5,15.6,2019-12-07
-1.3,3.5,-6.0,0.0,,5,4,3.7,2.8,8.5,13.0,2019-12-08
0.0,1.5,-3.9,1.1,sn,0,2,0.0,4.0,8.0,14.6,2019-12-09
-0.6,1.8,-1.9,7.1,sl,0,2,0.0,6.8,13.6,26.0,2019-12-10
-1.6,-0.5,-2.6,1.6,sn,10,4,0.0,7.4,14.2,23.1,2019-12-11
-2.9,-0.2,-5.3,0.0,,11,4,3.3,3.6,6.7,12.9,2019-12-12
-6.8,-1.6,-10.8,0.0,,9,4,0.6,3.2,5.7,9.5,2019-12-13
-6.7,-5.3,-10.2,0.0,,10,4,3.0,2.5,6.3,9.8,2019-12-14
-1.8,1.3,-10.0,0.0,,10,4,2.1,2.0,6.3,11.0,2019-12-15
-0.1,4.5,-3.5,0.0,,9,4,0.2,2.8,6.5,12.0,2019-12-16
-0.3,1.4,-2.5,0.0,,10,4,2.9,4.2,7.4,13.0,2019-12-17
-0.5,1.5,-3.5,0.0,,9,4,1.2,2.8,5.7,10.4,2019-12-18
0.5,1.7,-1.9,0.0,,9,4,0.8,2.8,5.7,12.1,2019-12-19
3.0,4.8,0.1,0.2,sn,9,4,0.0,3.5,8.4,15.7,2019-12-20
2.6,4.5,-0.3,0.0,,8,4,0.0,3.8,8.0,18.1,2019-12-21
1.0,2.3,-0.1,0.0,,8,4,0.0,3.2,9.1,18.4,2019-12-22
0.4,2.8,-0.8,0.0,,8,4,0.0,0.7,1.8,2.5,2019-12-23
0.6,1.2,-0.4,0.6,sn,9,4,0.0,1.0,4.9,8.6,2019-12-24
0.2,2.4,-0.2,0.2,sl,9,4,0.0,2.6,4.7,7.8,2019-12-25
2.4,3.9,-2.8,0.1,sn,9,4,0.0,5.1,8.2,15.1,2019-12-26
5.3,7.0,3.0,10.6,ri,0,0,0.0,3.7,8.0,13.4,2019-12-27
3.6,5.7,1.7,8.8,ri,0,0,0.0,2.5,4.6,7.9,2019-12-28
3.1,5.3,2.1,11.2,ri,0,0,0.5,3.7,9.7,15.1,2019-12-29
1.6,2.6,-0.6,0.1,sl,0,0,0.0,2.3,5.5,9.6,2019-12-30
5.4,7.3,1.4,7.3,sl,0,0,0.0,5.0,9.0,15.6,2019-12-31
1.3,6.4,0.9,8.9,ri,0,0,0.0,6.4,8.8,14.9,2020-01-01
-3.0,1.1,-5.3,5.3,sl,2,4,0.0,5.0,11.5,19.3,2020-01-02
-6.3,-2.9,-9.6,6.6,sn,10,4,0.0,3.5,8.7,15.0,2020-01-03
1.8,5.9,-9.6,1.8,sl,6,4,0.0,7.2,14.1,24.4,2020-01-04
2.9,5.0,1.1,14.6,sl,0,2,0.1,5.6,12.5,22.8,2020-01-05
2.3,4.8,1.2,7.3,ri,0,2,0.0,4.5,8.4,14.6,2020-01-06
0.2,3.8,-1.3,1.6,sl,0,2,0.0,9.8,16.9,26.1,2020-01-07
-0.8,0.3,-3.7,5.2,sl,0,2,0.0,9.5,17.2,27.2,2020-01-08
-2.3,0.8,-4.3,1.1,sn,0,2,0.0,8.8,13.7,23.2,2020-01-09
1.9,4.7,-3.9,5.7,sn,8,4,0.0,7.1,12.8,23.4,2020-01-10
-0.9,4.8,-3.3,7.1,sl,0,2,0.0,6.3,13.6,22.9,2020-01-11
-2.7,-0.4,-5.2,2.1,sn,3,4,0.0,6.4,9.7,17.9,2020-01-12
0.2,1.6,-2.6,8.3,sn,9,4,0.0,6.0,10.8,18.9,2020-01-13
1.6,2.6,0.3,0.1,sn,7,4,0.0,7.1,13.6,23.3,2020-01-14
0.9,2.4,-0.7,0.0,,6,4,2.6,3.2,11.8,22.5,2020-01-15
2.3,3.3,-0.2,0.0,,5,4,0.0,3.5,7.4,12.3,2020-01-16
-0.5,2.2,-1.8,2.0,sl,6,4,2.5,2.0,4.9,9.3,2020-01-17
-0.3,-0.4,-2.8,2.0,sn,8,4,0.0,3.3,10.6,16.6,2020-01-18
5.6,8.2,-0.7,12.1,ri,0,2,0.0,9.2,14.0,25.2,2020-01-19
1.1,5.8,-0.9,4.1,sl,0,2,0.1,8.2,12.8,23.1,2020-01-20
2.6,3.3,-0.5,2.9,sl,0,2,0.0,4.0,7.9,14.0,2020-01-21
4.2,8.5,1.1,5.9,sl,0,0,0.7,8.6,11.7,19.9,2020-01-22
-0.9,2.4,-2.8,7.0,sl,0,2,0.2,12.3,16.9,30.8,2020-01-23
0.0,1.3,-1.9,2.4,sn,0,2,0.0,4.8,11.0,18.6,2020-01-24
2.1,4.1,-0.7,0.4,sl,0,2,0.0,6.4,11.0,19.9,2020-01-25
1.7,3.2,0.0,5.0,sl,0,2,3.4,4.2,10.4,15.6,2020-01-26
0.5,2.3,-1.6,0.4,sl,0,2,0.8,4.5,6.2,12.0,2020-01-27
-0.4,2.1,-1.3,4.1,sn,8,4,3.5,3.2,6.5,12.8,2020-01-28
-2.7,1.9,-4.9,0.0,,6,4,6.2,1.9,4.0,5.7,2020-01-29
-1.4,2.1,-4.9,0.0,,6,4,6.1,1.8,5.2,8.0,2020-01-30
-1.1,2.9,-2.7,0.0,,7,4,5.5,2.5,7.2,12.9,2020-01-31
-4.0,0.9,-6.2,0.0,,7,4,5.2,1.4,2.9,4.7,2020-02-01
-2.4,-0.5,-5.9,0.0,,7,4,0.0,3.0,4.4,7.0,2020-02-02
0.5,1.3,-1.7,0.0,,7,4,0.0,2.4,5.0,8.6,2020-02-03
3.3,5.8,-0.7,0.2,sn,7,4,0.0,4.3,8.1,13.5,2020-02-04
7.1,7.6,5.3,13.5,ri,0,0,0.0,7.9,11.7,19.0,2020-02-05
6.4,9.2,4.8,2.4,ri,0,0,2.6,8.2,17.8,27.6,2020-02-06
6.1,7.7,4.7,3.6,ri,0,0,0.0,9.3,14.9,25.6,2020-02-07
1.7,7.2,0.5,6.6,sl,0,2,0.0,5.2,8.1,13.2,2020-02-08
-2.6,1.8,-2.9,4.3,sl,0,2,0.0,1.8,4.6,8.2,2020-02-09
0.0,1.0,-4.7,0.0,,0,2,0.1,7.0,10.6,19.9,2020-02-10
-1.6,1.9,-2.2,0.0,,0,2,5.8,3.7,10.2,15.3,2020-02-11
-5.0,-1.8,-8.4,0.0,,0,2,3.7,2.0,4.4,7.6,2020-02-12
-3.1,-2.1,-5.1,0.0,,0,2,0.0,6.4,10.7,20.5,2020-02-13
2.1,5.1,-2.3,0.5,sn,0,2,0.0,10.8,16.0,28.6,2020-02-14
2.2,4.9,-0.3,4.3,sl,0,2,0.0,5.7,11.8,19.9,2020-02-15
3.4,5.4,1.4,0.0,,0,2,5.7,4.9,8.9,12.7,2020-02-16
2.0,6.1,0.4,0.1,sl,0,2,6.6,4.2,12.6,21.0,2020-02-17
0.3,4.9,-2.0,0.0,,0,2,2.4,1.5,4.1,7.1,2020-02-18
-0.8,1.4,-3.5,0.6,sn,0,2,0.0,4.2,9.1,16.0,2020-02-19
1.1,2.5,-1.8,1.5,sn,0,2,3.4,4.5,8.1,16.7,2020-02-20
0.7,3.8,-1.2,0.0,,0,2,1.0,2.1,6.7,12.7,2020-02-21
-1.4,2.1,-3.1,0.0,,0,2,4.2,1.8,3.6,5.8,2020-02-22
-0.4,1.3,-2.8,2.8,sn,0,2,1.0,3.7,8.8,16.1,2020-02-23
-0.2,2.0,-0.2,6.4,sn,10,4,2.1,2.6,6.4,10.4,2020-02-24
-1.4,0.6,-4.5,0.8,sn,10,4,0.2,2.0,4.5,8.8,2020-02-25
-2.0,-0.1,-3.4,0.0,,8,4,5.5,4.0,7.7,12.7,2020-02-26
-3.4,-2.3,-5.1,2.4,sn,11,4,0.0,7.8,11.5,21.4,2020-02-27
-0.3,1.7,-3.3,5.0,sn,9,4,1.0,4.1,13.5,22.8,2020-02-28
-0.4,1.1,-3.3,0.4,sn,8,4,0.0,2.0,5.2,8.9,2020-02-29
2.1,3.6,-1.3,2.4,sn,9,4,0.0,6.9,10.6,18.2,2020-03-01
1.6,3.1,0.6,0.0,,5,4,2.0,8.0,11.4,18.4,2020-03-02
-0.9,2.0,-1.2,0.0,,5,4,0.2,3.1,7.1,13.0,2020-03-03
-1.8,1.3,-3.5,2.5,sn,0,2,3.6,3.2,5.3,8.4,2020-03-04
-1.2,1.7,-4.2,1.2,sn,9,4,8.5,4.0,7.5,12.6,2020-03-05
-2.6,1.2,-5.7,0.0,,8,4,9.2,2.8,6.7,11.0,2020-03-06
-0.4,1.4,-3.2,0.0,,0,2,0.1,5.3,9.5,16.4,2020-03-07
-2.2,4.6,-5.8,0.0,,0,2,10.1,1.6,4.4,7.7,2020-03-08
-2.0,0.4,-5.7,0.0,,3,4,1.1,5.8,9.4,17.3,2020-03-09
2.1,4.9,-3.2,0.1,sn,3,4,4.1,4.8,9.3,16.6,2020-03-10
0.4,4.1,0.0,0.0,,0,2,1.9,4.5,9.4,17.7,2020-03-11
-2.2,0.6,-4.1,0.0,,0,2,5.4,1.6,3.7,8.0,2020-03-12
-2.1,2.4,-3.9,1.7,sn,0,2,4.9,2.0,5.6,9.9,2020-03-13
-2.7,-0.2,-6.7,0.0,,5,4,10.7,2.8,5.1,8.2,2020-03-14
-1.8,3.3,-9.8,0.0,,4,4,0.0,5.0,10.0,17.7,2020-03-15
1.9,5.0,0.2,11.6,sl,0,2,2.0,3.9,11.3,20.2,2020-03-16
0.6,4.4,-0.4,3.4,sl,7,4,8.3,2.6,6.0,10.8,2020-03-17
-1.0,0.9,-1.5,0.6,sn,5,4,2.9,5.1,7.9,13.3,2020-03-18
-2.3,0.5,-7.3,0.1,sn,7,4,6.1,2.9,5.9,10.6,2020-03-19
3.3,5.0,-2.6,7.1,sl,7,4,0.0,7.6,12.0,19.8,2020-03-20
-0.6,5.1,-1.5,22.3,sl,10,4,2.8,3.6,8.3,14.6,2020-03-21
2.2,5.3,-2.2,4.2,sn,12,4,0.0,8.3,14.5,24.9,2020-03-22
2.5,5.4,1.1,21.1,sl,0,2,3.5,8.7,11.9,21.1,2020-03-23
1.5,4.8,-1.0,1.3,sl,0,2,5.4,4.9,10.2,16.0,2020-03-24
1.1,4.4,-0.5,3.8,sl,0,2,1.6,4.1,7.6,13.8,2020-03-25
-0.1,4.0,-1.1,1.2,sl,4,4,5.7,5.8,11.6,18.5,2020-03-26
0.0,2.2,-2.9,2.0,sn,0,2,4.4,4.6,10.3,17.1,2020-03-27
1.3,4.8,-4.2,0.0,,0,2,6.6,2.5,4.3,7.3,2020-03-28
5.2,7.3,3.2,0.1,ri,0,0,1.9,5.2,6.4,10.4,2020-03-29
5.4,6.9,4.5,0.0,,0,0,0.9,6.0,7.6,12.6,2020-03-30
4.8,6.8,3.9,0.0,,0,0,0.0,7.0,10.8,16.5,2020-03-31
-1.1,4.1,-5.0,4.0,ri,0,2,3.2,7.3,11.7,20.4,2020-04-01
-1.3,2.5,-4.8,1.1,sn,0,2,8.3,3.4,9.2,16.5,2020-04-02
-3.3,0.4,-7.2,0.0,,0,0,1.5,3.7,6.8,12.0,2020-04-03
-3.6,-0.7,-4.5,0.0,,0,0,0.0,6.6,10.8,20.3,2020-04-04
-0.6,0.4,-5.0,2.7,sn,0,2,0.0,5.8,9.9,18.6,2020-04-05
2.8,7.0,0.2,18.8,sl,0,0,5.3,8.7,11.3,22.2,2020-04-06
0.9,5.2,-1.7,2.7,sl,0,2,5.3,2.7,8.9,18.5,2020-04-07
0.5,4.4,-3.6,0.5,sn,0,0,12.5,1.6,3.5,5.1,2020-04-08
1.9,5.4,-2.0,0.0,,0,0,1.1,1.6,2.8,4.6,2020-04-09
2.9,4.8,0.5,0.0,,0,0,0.0,3.6,7.6,10.8,2020-04-10
6.1,10.1,4.7,6.0,sl,0,0,4.1,2.3,4.8,8.6,2020-04-11
4.2,8.9,0.4,0.0,,0,0,3.6,4.3,7.4,11.8,2020-04-12
5.7,7.7,4.8,5.6,ri,0,0,1.0,6.5,9.5,16.2,2020-04-13
4.2,6.1,3.0,0.7,ri,0,0,4.7,6.9,9.8,16.1,2020-04-14
3.1,6.4,0.9,1.4,sl,0,0,3.5,4.4,8.1,14.0,2020-04-15
4.7,7.7,1.6,0.4,sl,0,0,0.4,3.3,6.1,10.3,2020-04-16
7.2,9.8,5.3,2.3,ri,0,0,0.8,6.3,10.4,16.1,2020-04-17
5.2,7.9,2.4,0.5,ri,0,0,0.0,5.4,11.6,19.1,2020-04-18
7.2,9.0,1.4,21.3,ri,0,0,0.0,5.7,10.4,16.2,2020-04-19
8.5,10.4,7.6,1.0,ri,0,0,0.8,7.8,10.2,16.4,2020-04-20
7.5,9.1,7.0,0.8,ri,0,0,0.0,5.6,9.9,15.7,2020-04-21
5.8,9.2,3.0,2.4,ri,0,0,3.7,3.0,5.3,8.8,2020-04-22
6.1,8.4,3.7,0.3,ri,0,0,0.6,3.8,6.2,9.5,2020-04-23
6.3,7.7,4.9,0.1,ri,0,0,0.4,2.8,5.8,11.0,2020-04-24
7.2,13.1,2.7,2.0,ri,0,0,8.5,2.1,4.8,8.3,2020-04-25
6.9,10.3,3.6,0.0,,0,0,10.7,2.0,3.7,6.2,2020-04-26
7.0,11.2,4.6,0.0,,0,0,2.7,2.3,5.6,8.1,2020-04-27
6.5,9.4,4.7,0.0,,0,0,12.4,2.2,4.4,6.4,2020-04-28
6.0,10.4,1.9,0.0,,0,0,14.0,4.0,6.7,11.3,2020-04-29
6.2,11.5,1.3,0.0,,0,0,13.8,3.5,6.7,11.5,2020-04-30
5.1,10.2,3.8,0.0,,0,0,5.5,2.4,4.5,7.8,2020-05-01
2.7,6.7,0.6,0.0,,0,0,10.6,3.6,6.5,10.4,2020-05-02
3.4,7.4,-2.5,0.0,,0,0,14.8,2.2,4.3,6.4,2020-05-03
8.2,11.9,3.9,0.0,,0,0,5.1,8.0,10.4,17.6,2020-05-04
7.3,10.7,5.5,0.0,,0,0,11.5,5.0,9.2,16.1,2020-05-05
6.4,8.6,5.5,0.1,ri,0,0,2.4,3.3,6.3,9.7,2020-05-06
6.1,8.8,5.5,1.4,ri,0,0,4.6,3.2,5.8,8.3,2020-05-07
5.2,8.7,0.8,0.1,ri,0,0,16.4,3.0,5.7,9.2,2020-05-08
4.5,8.4,-1.0,0.0,,0,0,16.2,3.4,5.1,9.1,2020-05-09
5.4,8.6,0.6,0.0,,0,0,12.4,3.3,5.7,9.4,2020-05-10
6.4,9.1,5.5,0.3,ri,0,0,0.6,4.0,6.9,13.2,2020-05-11
4.9,9.0,2.5,0.5,ri,0,0,7.0,2.0,5.4,8.6,2020-05-12
6.4,9.0,3.1,0.8,ri,0,0,1.4,4.3,7.0,11.1,2020-05-13
6.6,7.8,5.6,4.6,ri,0,0,0.0,3.1,6.1,10.3,2020-05-14
6.6,9.8,4.3,2.9,ri,0,0,14.1,3.2,6.4,10.7,2020-05-15
6.7,11.7,1.0,0.0,,0,0,16.7,3.2,6.3,10.4,2020-05-16
6.4,10.9,3.8,0.0,,0,0,1.3,4.2,6.1,10.7,2020-05-17
6.8,10.5,4.3,0.0,,0,0,4.3,3.2,6.0,9.7,2020-05-18
7.2,11.9,3.2,0.2,ri,0,0,1.8,3.4,4.8,8.6,2020-05-19
8.1,11.1,4.4,0.8,ri,0,0,0.0,5.3,10.0,16.0,2020-05-20
9.7,13.2,7.3,5.6,ri,0,0,10.9,6.3,9.8,15.6,2020-05-21
12.1,16.7,7.6,0.1,ri,0,0,12.0,2.9,5.6,9.3,2020-05-22
11.4,16.2,6.2,0.0,,0,0,13.8,2.2,5.3,9.2,2020-05-23
7.5,16.6,4.2,0.5,ri,0,0,3.0,5.7,10.6,16.4,2020-05-24
7.4,11.0,4.0,13.3,ri,0,0,6.7,4.6,8.0,12.8,2020-05-25
6.4,7.9,5.2,11.4,ri,0,0,3.8,4.8,9.4,15.4,2020-05-26
7.2,8.7,5.3,1.9,ri,0,0,0.0,6.5,8.5,14.6,2020-05-27
10.1,14.2,6.8,4.5,ri,0,0,3.8,5.1,8.5,15.7,2020-05-28
10.3,11.8,9.8,3.9,ri,0,0,0.0,8.4,11.1,18.1,2020-05-29
8.9,12.1,6.2,2.3,ri,0,0,7.0,4.7,7.7,14.3,2020-05-30
7.7,10.7,6.0,2.6,ri,0,0,2.9,2.6,5.6,8.4,2020-05-31
8.8,12.4,4.8,1.4,ri,0,0,2.5,2.8,4.6,8.1,2020-06-01
8.6,11.2,8.0,0.3,ri,0,0,0.1,2.7,4.7,7.7,2020-06-02
8.2,10.1,6.7,0.4,ri,0,0,4.1,2.8,4.7,6.5,2020-06-03
9.3,13.1,6.7,0.0,,0,0,15.7,3.7,7.0,12.4,2020-06-04
6.7,11.5,3.2,0.0,,0,0,16.3,5.2,7.4,13.6,2020-06-05
8.3,11.3,3.2,0.0,,0,0,13.8,3.3,6.0,9.6,2020-06-06
9.8,13.5,6.6,0.0,,0,0,0.0,3.3,6.7,10.7,2020-06-07
8.9,11.2,7.4,0.8,ri,0,0,0.0,4.5,8.7,15.3,2020-06-08
8.6,11.4,5.5,4.2,ri,0,0,12.5,2.4,4.7,8.0,2020-06-09
10.5,13.6,7.0,0.0,,0,0,13.3,1.8,3.3,5.7,2020-06-10
10.5,15.3,8.5,0.0,,0,0,0.0,3.6,6.1,9.7,2020-06-11
9.1,12.6,7.9,1.4,ri,0,0,0.0,5.0,8.8,15.5,2020-06-12
8.3,11.2,5.7,16.1,ri,0,0,4.2,2.3,4.4,8.2,2020-06-13
9.4,11.3,6.8,1.5,ri,0,0,0.0,4.5,7.6,12.7,2020-06-14
9.2,11.9,7.7,8.7,ri,0,0,4.6,3.9,7.6,14.6,2020-06-15
8.6,10.8,5.5,2.7,ri,0,0,10.8,2.9,6.3,9.9,2020-06-16
9.7,14.6,5.1,0.8,ri,0,0,6.5,2.7,5.2,8.7,2020-06-17
10.5,13.9,7.7,0.0,,0,0,5.7,5.7,8.6,13.6,2020-06-18
11.5,14.9,8.7,0.0,,0,0,8.4,3.3,5.2,9.3,2020-06-19
12.5,16.5,9.5,2.8,ri,0,0,3.9,3.7,6.9,11.6,2020-06-20
15.3,21.4,12.2,0.0,,0,0,7.9,5.8,9.9,18.9,2020-06-21
10.8,19.9,9.7,0.4,ri,0,0,1.1,3.4,5.8,10.4,2020-06-22
10.6,12.9,7.2,2.5,ri,0,0,2.7,4.1,6.4,11.5,2020-06-23
10.9,14.2,9.3,1.9,ri,0,0,7.0,2.1,4.1,6.6,2020-06-24
9.5,13.4,7.8,1.2,ri,0,0,1.3,1.9,3.3,6.0,2020-06-25
10.7,14.0,8.2,0.1,ri,0,0,0.7,2.1,3.7,5.7,2020-06-26
12.7,17.3,8.4,1.1,ri,0,0,6.9,1.8,3.6,5.7,2020-06-27
12.8,16.3,10.4,0.0,,0,0,5.3,1.7,4.2,5.8,2020-06-28
14.8,21.4,11.1,1.3,ri,0,0,11.4,1.9,4.7,8.5,2020-06-29
10.9,15.9,9.7,0.0,,0,0,0.7,2.7,4.6,7.0,2020-06-30
10.2,13.1,8.4,2.8,ri,0,0,2.3,2.9,4.0,6.7,2020-07-01
12.2,17.1,7.5,0.0,,0,0,16.6,2.3,5.6,10.8,2020-07-02
11.6,16.5,8.6,0.0,,0,0,10.1,3.4,5.9,9.5,2020-07-03
10.3,13.7,8.8,0.0,,0,0,5.2,2.6,5.3,7.5,2020-07-04
13.0,17.4,7.9,0.0,,0,0,16.6,2.0,5.9,9.8,2020-07-05
12.4,16.9,8.0,0.0,,0,0,17.2,2.5,4.0,6.7,2020-07-06
10.7,14.7,7.4,0.0,,0,0,12.4,2.3,4.0,7.4,2020-07-07
8.7,11.0,8.0,0.0,,0,0,0.0,2.8,4.2,7.0,2020-07-08
10.6,13.0,8.2,0.0,,0,0,5.0,4.0,6.3,10.0,2020-07-09
10.4,12.6,9.2,0.0,,0,0,0.6,2.3,4.6,7.2,2020-07-10
10.5,12.3,9.3,0.0,,0,0,0.1,3.1,4.5,7.2,2020-07-11
10.9,12.6,9.7,1.5,ri,0,0,0.1,1.7,4.0,6.8,2020-07-12
11.3,14.8,9.1,13.3,ri,0,0,7.3,1.5,2.5,4.6,2020-07-13
11.9,14.7,10.0,0.0,,0,0,0.1,2.1,3.9,6.1,2020-07-14
11.2,13.6,10.5,1.9,ri,0,0,0.0,2.2,6.0,9.3,2020-07-15
11.1,14.3,9.6,15.7,ri,0,0,4.1,2.7,4.5,7.8,2020-07-16
7.8,12.2,6.4,6.2,ri,0,0,1.4,7.7,11.8,18.6,2020-07-17
8.9,11.0,6.7,0.0,,0,0,7.2,6.7,13.2,19.0,2020-07-18
9.8,12.5,7.7,0.0,,0,0,10.1,2.2,6.8,11.6,2020-07-19
10.3,13.3,6.1,0.0,,0,0,12.0,1.6,3.4,6.2,2020-07-20
10.1,12.9,6.4,0.0,,0,0,5.0,1.7,3.6,6.1,2020-07-21
10.9,13.9,9.7,0.0,,0,0,4.6,2.1,4.9,8.0,2020-07-22
11.9,15.4,8.6,0.0,,0,0,14.3,2.6,5.8,9.4,2020-07-23
10.0,14.9,8.2,0.0,,0,0,14.7,3.5,7.0,11.8,2020-07-24
9.7,14.5,3.4,0.0,,0,0,13.8,3.8,8.1,13.8,2020-07-25
11.5,15.3,9.1,0.8,ri,0,0,6.4,2.0,4.8,8.4,2020-07-26
10.2,15.2,7.0,0.3,ri,0,0,16.7,3.2,7.1,11.1,2020-07-27
10.3,13.1,7.8,0.0,,0,0,7.8,2.0,4.1,7.2,2020-07-28
11.1,14.2,9.4,1.8,ri,0,0,3.5,1.4,3.2,5.5,2020-07-29
11.0,13.7,10.1,0.1,ri,0,0,2.3,1.9,3.5,5.6,2020-07-30
12.0,13.4,9.8,0.3,ri,0,0,0.0,2.2,5.2,9.7,2020-07-31
12.5,15.7,11.3,2.0,ri,0,0,0.0,2.1,4.7,8.0,2020-08-01
10.6,13.4,9.6,1.5,ri,0,0,2.1,3.5,5.7,9.2,2020-08-02
9.9,13.5,9.3,0.0,,0,0,2.4,2.2,4.0,6.3,2020-08-03
10.0,12.6,8.4,0.2,ri,0,0,0.0,1.8,3.1,5.3,2020-08-04
10.6,13.4,8.9,18.9,ri,0,0,0.9,4.4,7.8,12.0,2020-08-05
10.8,14.1,8.9,0.7,ri,0,0,5.0,4.0,6.6,11.5,2020-08-06
9.7,12.8,9.5,9.7,ri,0,0,0.5,3.6,5.6,9.9,2020-08-07
9.9,11.8,7.7,2.2,ri,0,0,0.2,3.2,5.5,9.5,2020-08-08
12.5,15.1,10.1,2.9,ri,0,0,0.2,6.4,8.2,15.7,2020-08-09
12.4,14.1,11.8,1.0,ri,0,0,0.5,5.1,7.6,13.0,2020-08-10
11.9,12.9,11.4,2.3,ri,0,0,0.0,4.5,7.1,12.0,2020-08-11
10.5,13.0,8.2,10.0,ri,0,0,6.6,2.8,4.9,9.4,2020-08-12
10.6,11.6,10.4,0.1,ri,0,0,0.0,4.0,6.3,11.3,2020-08-13
11.0,14.6,7.9,22.4,ri,0,0,11.7,3.4,5.1,7.5,2020-08-14
13.0,17.4,9.7,1.1,ri,0,0,2.7,3.3,5.5,9.5,2020-08-15
14.3,20.5,10.9,0.1,ri,0,0,9.0,4.3,7.0,11.0,2020-08-16
14.1,17.1,13.1,0.0,,0,0,6.5,1.8,3.6,5.6,2020-08-17
13.7,18.9,11.2,0.0,,0,0,10.0,1.7,4.4,6.8,2020-08-18
10.3,17.1,9.6,0.2,ri,0,0,0.0,2.3,4.6,6.7,2020-08-19
11.7,15.6,8.7,6.2,ri,0,0,10.0,1.8,3.4,6.0,2020-08-20
12.3,18.0,6.2,0.0,,0,0,14.2,2.0,5.4,9.7,2020-08-21
10.3,16.9,5.4,0.0,,0,0,14.7,1.9,4.2,6.9,2020-08-22
10.8,15.3,7.4,0.0,,0,0,12.9,1.1,2.8,4.0,2020-08-23
10.0,14.0,5.2,0.0,,0,0,13.4,1.0,2.5,4.0,2020-08-24
9.7,14.0,5.1,0.0,,0,0,11.9,1.4,3.1,5.3,2020-08-25
9.2,11.6,8.1,0.0,,0,0,0.9,1.8,3.2,5.2,2020-08-26
9.8,11.2,8.9,0.0,,0,0,1.6,2.9,6.2,9.2,2020-08-27
9.8,11.2,8.0,3.2,ri,0,0,0.6,3.6,5.0,9.4,2020-08-28
11.0,13.6,8.8,3.6,ri,0,0,1.6,2.6,4.4,7.7,2020-08-29
12.3,13.4,11.0,2.2,ri,0,0,0.0,6.1,10.2,18.3,2020-08-30
12.2,14.2,11.2,2.5,ri,0,0,1.4,4.0,10.2,16.8,2020-08-31
10.6,12.4,10.0,9.4,ri,0,0,3.0,2.0,4.8,7.8,2020-09-01
10.3,13.0,8.0,0.5,ri,0,0,0.1,2.2,4.0,6.8,2020-09-02
7.8,11.4,5.8,0.3,ri,0,0,5.0,5.0,9.7,17.1,2020-09-03
7.6,11.2,5.4,0.0,,0,0,11.0,5.3,11.0,19.0,2020-09-04
8.4,13.8,2.7,0.0,,0,0,9.1,1.8,4.9,8.2,2020-09-05
10.8,12.4,9.3,0.0,,0,0,0.0,5.1,8.5,14.9,2020-09-06
8.5,11.9,8.2,13.4,ri,0,0,0.6,4.6,8.4,13.6,2020-09-07
7.2,9.3,5.4,1.1,ri,0,0,0.0,2.8,5.6,9.6,2020-09-08
6.7,9.7,2.4,0.6,ri,0,0,0.1,3.1,5.3,8.9,2020-09-09
9.6,12.3,6.5,10.8,ri,0,0,1.2,4.2,8.8,15.4,2020-09-10
9.6,14.3,7.3,5.2,ri,0,0,6.2,2.2,4.4,8.6,2020-09-11
8.9,11.9,5.7,1.5,ri,0,0,4.0,2.8,6.0,10.8,2020-09-12
7.5,11.2,5.7,0.0,,0,0,1.0,4.0,6.4,12.5,2020-09-13
8.2,13.3,4.8,1.2,ri,0,0,7.4,2.3,4.6,8.1,2020-09-14
7.1,10.4,5.0,3.0,ri,0,0,6.3,2.7,6.0,9.8,2020-09-15
9.1,9.8,4.6,0.1,ri,0,0,0.0,6.8,12.2,19.0,2020-09-16
9.1,11.5,8.4,15.6,ri,0,0,2.5,5.1,7.0,12.2,2020-09-17
8.9,9.7,7.4,1.3,ri,0,0,0.0,5.3,10.1,15.3,2020-09-18
8.5,10.3,6.7,1.7,ri,0,0,3.7,7.9,12.4,20.5,2020-09-19
7.2,10.9,5.5,4.7,ri,0,0,0.8,6.4,15.0,23.1,2020-09-20
4.5,7.7,2.1,5.1,ri,0,0,6.0,5.5,9.9,18.9,2020-09-21
3.4,7.0,2.0,3.6,ri,0,0,5.8,2.5,6.9,12.6,2020-09-22
3.6,6.2,0.9,0.3,ri,0,0,10.5,4.5,7.1,12.8,2020-09-23
3.2,5.2,2.4,0.0,,0,0,9.6,5.2,9.1,15.1,2020-09-24
4.0,8.2,-3.0,0.0,,0,0,7.0,4.8,8.8,16.1,2020-09-25
9.0,10.4,6.0,3.0,ri,0,0,0.0,5.4,10.4,18.0,2020-09-26
7.5,10.0,6.7,3.9,ri,0,0,0.1,2.2,4.4,8.9,2020-09-27
6.0,7.9,5.4,11.2,ri,0,0,0.8,2.0,4.9,9.3,2020-09-28
5.4,9.4,3.7,4.2,ri,0,0,3.0,2.9,6.4,11.1,2020-09-29
3.2,7.0,1.9,3.4,ri,0,0,5.3,1.9,4.0,6.3,2020-09-30
4.5,8.3,0.0,0.0,,0,0,9.3,3.4,6.3,11.0,2020-10-01
4.9,8.6,2.5,0.0,,0,0,1.1,2.5,4.4,7.3,2020-10-02
4.5,9.2,0.0,0.0,,0,0,2.8,1.3,3.4,6.3,2020-10-03
5.0,7.4,4.5,0.1,ri,0,0,2.2,2.3,4.0,7.2,2020-10-04
4.3,7.9,2.4,0.6,ri,0,0,8.2,1.2,3.2,5.1,2020-10-05
4.9,6.1,2.3,0.1,ri,0,0,0.0,1.5,3.5,6.1,2020-10-06
5.4,8.0,3.4,3.1,ri,0,0,2.0,1.6,3.1,5.0,2020-10-07
6.1,8.1,4.7,1.2,ri,0,0,3.5,2.6,8.2,13.3,2020-10-08
7.1,10.0,5.0,0.3,ri,0,0,9.1,4.6,9.9,18.2,2020-10-09
6.5,9.8,1.4,0.0,,0,0,4.7,2.3,7.5,11.9,2020-10-10
8.0,10.7,7.4,5.8,ri,0,0,2.0,4.8,11.2,17.9,2020-10-11
6.7,8.3,6.5,0.9,ri,0,0,5.3,2.1,4.4,8.7,2020-10-12
6.4,8.4,2.2,0.0,,0,0,3.0,4.1,10.8,16.4,2020-10-13
9.4,10.1,7.8,2.3,ri,0,0,0.0,8.0,11.9,19.7,2020-10-14
9.6,11.5,8.2,0.0,,0,0,1.1,3.7,9.0,15.1,2020-10-15
8.4,10.5,7.7,0.0,,0,0,0.6,1.8,4.0,6.4,2020-10-16
6.3,8.4,4.0,0.0,,0,0,0.5,1.9,5.9,8.8,2020-10-17
6.4,8.3,5.7,2.1,ri,0,0,3.4,3.4,7.3,12.5,2020-10-18
4.6,8.5,3.2,1.0,ri,0,0,7.5,1.4,6.0,10.8,2020-10-19
2.0,5.0,-1.6,0.0,,0,0,7.6,1.2,3.2,6.0,2020-10-20
3.5,4.8,1.9,0.0,,0,0,0.0,3.2,7.2,12.0,2020-10-21
4.8,6.1,2.6,4.2,ri,0,0,0.0,7.6,10.6,19.6,2020-10-22
6.2,8.4,5.4,2.1,ri,0,0,3.9,6.9,11.1,18.5,2020-10-23
6.7,9.3,3.6,0.3,ri,0,0,0.3,5.2,10.4,20.2,2020-10-24
5.5,7.6,4.5,0.0,,0,0,0.6,4.0,9.4,15.7,2020-10-25
4.3,6.6,2.0,0.0,,0,0,5.3,3.6,6.4,11.5,2020-10-26
4.7,6.3,2.4,0.0,,0,0,0.4,7.7,11.3,18.3,2020-10-27
6.5,7.7,4.6,0.0,,0,0,3.6,6.9,9.9,18.3,2020-10-28
6.6,8.1,6.0,0.1,ri,0,0,1.4,6.2,10.6,20.2,2020-10-29
4.7,6.7,2.8,10.7,ri,0,0,4.6,3.4,5.8,10.4,2020-10-30
5.0,7.7,2.7,7.2,ri,0,0,3.4,3.4,7.6,13.6,2020-10-31
3.4,5.1,1.5,2.2,ri,0,0,5.2,2.7,5.0,8.8,2020-11-01
3.6,4.6,1.2,1.1,ri,0,0,0.0,4.5,8.1,14.4,2020-11-02
4.6,5.6,2.8,3.2,ri,0,0,0.2,3.0,7.3,12.5,2020-11-03
7.3,8.8,4.3,13.7,ri,0,0,0.3,5.5,8.8,14.5,2020-11-04
7.1,10.4,4.9,0.5,ri,0,0,0.0,8.8,16.0,24.3,2020-11-05
2.8,6.6,0.5,1.2,ri,0,0,1.4,6.1,12.4,21.4,2020-11-06
4.9,7.1,1.8,1.5,sl,0,0,0.0,5.0,9.0,15.2,2020-11-07
3.8,6.1,1.6,4.1,ri,0,0,3.2,2.9,5.6,9.6,2020-11-08
6.7,9.1,3.1,0.0,,0,0,0.0,5.8,9.4,16.6,2020-11-09
3.1,8.4,2.3,5.2,ri,0,0,0.8,2.4,6.4,12.9,2020-11-10
1.5,2.8,0.7,5.0,sl,0,0,1.4,2.7,5.2,8.5,2020-11-11
4.5,6.6,0.9,4.0,sl,0,0,0.0,5.8,11.9,19.0,2020-11-12
2.4,6.8,0.4,0.2,ri,0,0,4.3,2.9,5.8,9.9,2020-11-13
-0.2,2.9,-1.2,0.0,,0,0,5.4,1.3,4.6,9.0,2020-11-14
2.5,3.2,-2.4,0.4,sn,0,2,0.0,3.1,4.6,9.3,2020-11-15
1.1,3.4,0.0,0.0,,0,2,2.0,3.5,5.8,11.3,2020-11-16
-2.5,0.4,-3.3,0.0,,0,0,4.3,2.7,4.8,8.4,2020-11-17
-6.5,-2.8,-8.5,0.0,,0,0,5.6,1.3,3.4,5.3,2020-11-18
-3.2,1.0,-10.0,0.0,,0,0,2.7,4.7,9.2,15.6,2020-11-19
2.6,4.2,-0.4,1.8,0,0,2,0.0,4.2,7.9,14.4,2020-11-20
1.7,3.4,1.0,0.2,ri,0,0,0.4,1.6,6.4,11.7,2020-11-21
0.7,1.7,0.0,1.8,sl,0,0,0.0,1.7,4.2,6.8,2020-11-22
-1.6,2.6,-3.4,0.1,sl,0,0,4.2,2.1,4.8,7.7,2020-11-23
-0.5,1.4,-4.5,0.0,,0,0,0.0,1.9,4.8,8.6,2020-11-24
0.1,2.9,-4.1,0.0,,0,0,0.0,5.0,13.5,21.5,2020-11-25
2.0,7.4,-0.9,25.2,ri,0,0,0.5,10.0,15.7,26.2,2020-11-26
1.4,3.4,0.0,3.4,sl,4,4,0.0,7.7,12.5,23.1,2020-11-27
1.4,2.0,-1.0,2.2,sn,0,2,0.0,4.4,9.9,15.9,2020-11-28
1.9,3.2,1.6,3.3,sl,0,2,0.1,3.1,5.5,10.3,2020-11-29
0.0,1.9,-2.0,0.2,sl,0,2,0.0,5.3,12.1,20.2,2020-11-30
4.5,7.7,-1.5,12.9,sl,0,0,0.0,9.3,16.2,26.7,2020-12-01
-1.7,3.6,-3.0,3.3,sl,0,2,0.0,6.9,11.0,19.5,2020-12-02
-4.3,-2.1,-5.7,0.0,,0,0,0.4,8.8,11.9,19.0,2020-12-03
-4.5,-3.2,-5.7,0.0,,0,0,2.6,6.5,13.0,21.2,2020-12-04
-4.7,-2.4,-9.0,0.0,,0,0,0.0,2.8,4.9,8.3,2020-12-05
-0.2,0.4,-3.5,0.3,sn,0,2,0.0,4.7,6.6,12.1,2020-12-06
3.1,3.9,-0.5,4.9,sl,0,2,0.0,5.7,10.0,16.2,2020-12-07
1.7,3.7,1.0,2.8,ri,0,0,0.0,2.9,6.1,9.7,2020-12-08
2.5,3.8,0.8,0.8,sn,0,0,0.0,2.2,6.3,10.2,2020-12-09
6.4,8.1,1.7,1.0,ri,0,0,0.0,4.4,7.3,14.9,2020-12-10
8.2,8.9,6.2,0.1,ri,0,0,0.0,4.8,8.4,14.8,2020-12-11
7.6,10.0,7.1,0.0,,0,0,0.0,7.2,9.0,16.0,2020-12-12
7.2,7.9,6.1,0.0,,0,0,0.0,6.1,9.9,17.5,2020-12-13
7.0,8.3,3.7,0.0,,0,0,0.0,4.9,8.7,15.8,2020-12-14
7.1,8.7,5.6,0.0,,0,0,0.0,4.3,7.6,16.8,2020-12-15
5.7,7.6,4.4,0.0,,0,0,0.0,3.7,8.2,16.3,2020-12-16
4.6,6.2,1.5,0.0,,0,0,0.8,2.8,6.1,11.5,2020-12-17
5.3,7.3,3.7,0.0,,0,0,0.0,4.8,8.7,16.5,2020-12-18
0.8,5.4,-1.2,0.2,ri,0,0,0.4,2.4,8.0,13.1,2020-12-19
1.0,2.3,-0.4,0.0,,0,0,1.1,6.0,8.5,16.3,2020-12-20
1.2,2.9,-0.3,0.0,,0,0,0.0,2.9,6.1,10.8,2020-12-21
-2.6,1.6,-4.3,0.0,,0,0,2.1,3.0,5.7,9.7,2020-12-22
0.7,1.6,-4.3,0.4,sn,1,4,0.0,1.6,3.5,7.6,2020-12-23
6.3,7.5,0.2,0.7,ri,0,0,0.0,8.5,11.5,22.3,2020-12-24
1.8,7.9,-0.1,22.5,ri,0,0,0.0,8.3,16.2,25.5,2020-12-25
-3.2,2.3,-6.2,5.8,sl,7,4,0.0,3.1,7.1,11.6,2020-12-26
2.3,4.6,-4.1,1.1,sl,0,2,0.0,7.5,15.8,25.7,2020-12-27
-0.9,3.2,-1.8,0.1,sl,0,0,0.0,5.8,10.7,18.5,2020-12-28
-1.5,-0.3,-3.4,0.0,,0,2,0.0,1.0,4.2,6.3,2020-12-29
-3.4,-0.1,-4.9,1.2,sn,0,2,0.8,1.4,3.0,5.1,2020-12-30
-1.0,1.2,-6.0,0.0,,0,2,0.0,1.5,3.3,6.2,2020-12-31
-0.4,1.3,-3.7,0.1,sn,0,2,1.2,2.2,4.3,7.1,2021-01-01
5.9,7.2,1.2,0.2,ri,0,2,0.0,4.9,9.1,14.9,2021-01-02
6.7,9.0,6.5,0.5,ri,0,0,0.0,8.0,13.5,25.0,2021-01-03
2.6,7.8,1.4,5.0,ri,0,0,0.0,3.8,8.5,17.0,2021-01-04
1.6,2.9,1.0,0.4,ri,0,0,0.0,1.3,4.2,10.1,2021-01-05
-1.8,2.9,-2.9,0.1,sl,0,0,0.0,3.8,7.8,13.2,2021-01-06
-4.7,-2.7,-7.8,0.0,,0,0,0.4,2.9,5.2,9.0,2021-01-07
2.0,5.8,-4.4,3.7,ri,0,0,0.0,7.4,10.5,16.4,2021-01-08
-4.8,0.7,-7.1,2.8,sl,0,2,0.5,3.1,7.2,12.6,2021-01-09
-7.9,-4.6,-9.7,0.3,sn,0,2,4.3,1.9,3.5,5.5,2021-01-10
-4.9,-1.0,-9.5,0.0,,0,2,4.3,2.1,4.1,9.0,2021-01-11
0.3,0.8,-4.7,0.0,,0,2,0.0,5.6,8.3,15.7,2021-01-12
3.7,5.3,0.5,1.3,ri,0,0,0.0,5.4,10.8,17.7,2021-01-13
3.5,5.1,2.5,6.4,ri,0,0,0.2,4.2,7.5,13.0,2021-01-14
4.0,4.7,2.4,3.6,sl,0,0,0.0,3.6,7.0,14.0,2021-01-15
2.3,5.4,1.7,14.8,ri,0,0,0.0,4.2,8.1,13.6,2021-01-16
1.4,2.7,0.6,3.2,sl,0,0,0.1,3.2,6.2,12.7,2021-01-17
1.6,3.0,-0.1,1.8,sl,0,2,0.4,4.8,9.7,17.2,2021-01-18
0.5,1.5,-0.3,0.0,,0,2,1.3,6.5,9.4,17.7,2021-01-19
-1.3,3.6,-4.0,0.0,,0,2,4.2,4.3,8.9,16.3,2021-01-20
-0.8,0.4,-3.6,0.0,,0,2,0.9,5.8,8.9,17.3,2021-01-21
-2.3,-0.6,-3.1,0.0,,0,2,1.2,7.1,10.2,17.7,2021-01-22
-1.1,-0.8,-3.0,0.0,,0,2,0.3,6.1,10.0,19.6,2021-01-23
-1.5,0.0,-2.2,0.0,,0,2,4.3,3.2,6.1,13.8,2021-01-24
-2.1,-1.6,-3.0,0.0,,0,0,0.3,4.8,8.9,16.1,2021-01-25
-2.3,-1.7,-3.1,0.0,,0,0,1.9,7.5,10.8,19.5,2021-01-26
-0.6,0.6,-3.1,0.0,,0,0,0.0,5.7,10.0,16.4,2021-01-27
-4.2,0.4,-4.9,0.0,,0,0,5.5,2.7,5.7,8.9,2021-01-28
-0.4,2.1,-6.6,0.0,,0,0,1.5,2.2,2.9,4.7,2021-01-29
-2.9,1.6,-3.6,0.0,,0,0,0.0,1.7,4.8,7.8,2021-01-30
-3.1,-1.1,-7.1,0.4,sn,0,0,1.1,4.2,7.0,11.5,2021-01-31
-2.5,-1.1,-4.9,0.0,,0,2,5.4,3.7,5.7,9.5,2021-02-01
0.7,2.3,-2.0,0.0,,0,2,1.6,5.8,8.1,14.2,2021-02-02
1.0,2.8,-0.6,0.0,,0,0,3.7,5.1,6.5,11.9,2021-02-03
1.9,3.4,-0.4,0.0,,0,0,0.0,6.4,9.9,16.3,2021-02-04
2.1,3.6,1.6,0.0,,0,0,0.0,6.0,9.2,16.6,2021-02-05
2.0,3.7,0.0,0.0,,0,0,6.1,6.4,8.9,15.8,2021-02-06
1.7,3.3,-0.6,0.0,,0,0,6.8,4.6,6.8,11.8,2021-02-07
1.9,4.1,0.7,0.0,,0,0,7.0,4.6,6.7,11.2,2021-02-08
-0.2,2.1,-1.8,0.0,,0,0,4.1,3.2,5.1,7.9,2021-02-09
1.4,4.3,-1.1,9.5,sn,12,4,1.5,3.3,6.0,13.8,2021-02-10
2.6,3.5,0.7,5.4,sl,10,4,0.1,5.2,8.2,14.6,2021-02-11
3.5,4.4,1.9,1.3,sl,5,4,0.0,6.2,9.4,16.7,2021-02-12
5.1,6.3,3.4,0.0,,0,2,0.0,9.5,12.3,21.7,2021-02-13
5.5,7.9,3.9,0.0,,0,0,1.1,6.2,10.1,18.2,2021-02-14
4.9,6.7,3.4,1.8,ri,0,0,0.6,3.3,8.2,13.9,2021-02-15
3.7,6.4,3.2,3.1,ri,0,0,2.7,2.5,5.2,7.8,2021-02-16
1.9,4.0,1.4,1.1,ri,0,0,0.3,1.4,4.2,7.7,2021-02-17
1.8,4.9,1.4,2.7,ri,0,0,3.0,1.8,4.0,7.7,2021-02-18
1.8,5.4,-0.3,0.2,ri,0,0,6.2,1.9,4.6,7.0,2021-02-19
3.9,6.9,-0.4,0.2,ri,0,0,2.6,4.4,7.1,12.9,2021-02-20
2.5,5.8,0.8,2.8,ri,0,0,0.0,1.4,5.5,9.5,2021-02-21
1.8,4.0,-0.6,0.1,ri,0,0,1.4,1.4,2.4,3.8,2021-02-22
3.5,6.5,-0.1,0.1,ri,0,0,0.5,3.9,8.3,14.2,2021-02-23
2.8,7.0,2.1,0.0,,0,0,5.5,1.1,6.4,10.9,2021-02-24
2.9,4.6,-1.2,0.0,,0,0,0.6,4.6,11.4,18.5,2021-02-25
6.8,8.5,2.0,4.3,ri,0,0,0.8,6.3,11.4,22.1,2021-02-26
6.5,8.4,4.2,12.1,ri,0,0,0.7,8.4,11.4,20.0,2021-02-27
2.4,6.8,0.6,4.4,ri,0,0,3.4,7.6,11.8,21.5,2021-02-28
3.6,4.9,1.7,2.2,sl,0,0,0.0,2.8,6.9,12.6,2021-03-01
5.0,6.7,2.6,0.1,ri,0,0,0.0,2.8,5.0,9.2,2021-03-02
4.4,5.8,3.6,9.0,ri,0,0,0.1,4.0,6.1,11.5,2021-03-03
4.0,5.7,2.6,0.9,ri,0,0,0.0,2.0,3.8,6.1,2021-03-04
5.1,8.1,3.0,0.4,ri,0,0,2.1,3.6,5.6,8.3,2021-03-05
4.1,7.1,2.8,0.9,ri,0,0,0.8,1.2,3.6,6.2,2021-03-06
4.0,7.9,1.2,0.4,ri,0,0,8.5,3.0,7.9,10.9,2021-03-07
4.2,7.2,2.8,3.2,ri,0,0,3.0,4.2,11.1,19.1,2021-03-08
1.9,4.5,-1.1,0.7,ri,0,0,0.0,2.5,5.9,10.1,2021-03-09
-1.0,3.4,-2.0,0.6,sl,0,2,0.0,7.5,12.2,20.8,2021-03-10
-1.2,0.1,-3.4,2.4,sn,0,0,1.7,7.2,15.0,23.8,2021-03-11
1.6,4.1,-0.1,0.1,sn,0,2,6.6,2.4,6.5,12.7,2021-03-12
-2.6,2.6,-3.4,0.0,,0,0,10.3,4.1,7.0,12.9,2021-03-13
-0.4,3.5,-6.5,0.0,,0,0,8.5,1.8,5.9,10.0,2021-03-14
4.6,7.1,2.0,0.1,ri,0,0,0.0,6.1,11.3,18.1,2021-03-15
5.4,7.4,3.0,4.4,sl,0,0,0.0,3.5,5.9,10.0,2021-03-16
8.2,10.3,6.5,9.9,ri,0,0,0.3,4.3,6.5,10.8,2021-03-17
8.4,9.6,6.9,2.0,ri,0,0,0.0,5.2,7.5,12.2,2021-03-18
6.5,8.2,6.0,4.2,ri,0,0,0.0,6.0,9.1,15.4,2021-03-19
3.9,6.6,2.4,1.3,ri,0,0,0.0,4.6,7.2,13.8,2021-03-20
6.6,8.7,4.2,2.0,ri,0,0,1.1,8.1,11.0,20.4,2021-03-21
2.6,7.0,-0.4,7.8,sl,0,0,5.2,8.5,12.4,21.2,2021-03-22
1.0,3.7,-0.1,1.8,sl,0,0,5.5,2.5,8.2,14.2,2021-03-23
0.3,3.4,-1.1,1.7,sn,1,4,4.8,3.1,8.0,12.1,2021-03-24
-1.3,2.9,-3.5,3.3,sn,4,4,4.9,3.8,8.4,16.2,2021-03-25
-4.9,-0.7,-5.0,0.1,sn,0,2,5.7,5.3,9.6,16.6,2021-03-26
-3.9,-0.3,-9.8,0.0,,0,2,2.5,6.8,12.5,23.3,2021-03-27
0.0,4.2,-1.7,1.2,sn,5,4,7.0,2.5,6.7,11.3,2021-03-28
-1.1,2.4,-2.4,0.7,sn,3,4,9.5,4.0,8.1,12.5,2021-03-29
0.6,5.5,-5.1,0.0,,0,0,12.2,1.7,4.3,6.4,2021-03-30
2.9,7.1,-2.6,0.0,,0,0,5.9,2.9,6.1,9.7,2021-03-31
4.5,5.4,3.8,0.1,ri,0,0,0.0,3.5,5.7,8.4,2021-04-01
4.6,6.1,3.5,0.4,ri,0,0,0.0,2.8,4.3,7.1,2021-04-02
5.0,6.8,4.3,0.7,ri,0,0,0.4,6.8,11.0,18.2,2021-04-03
-5.3,5.4,-7.5,6.1,sl,0,2,5.5,6.2,9.5,16.8,2021-04-04
-5.7,-3.9,-9.2,0.2,sn,0,2,3.5,3.2,6.7,10.9,2021-04-05
-3.4,-0.6,-6.4,0.2,sn,0,2,12.5,1.9,4.0,6.1,2021-04-06
-1.9,1.1,-4.5,1.0,sn,0,2,0.0,5.0,7.7,12.0,2021-04-07
-3.8,1.0,-4.5,6.5,sn,7,4,11.2,5.5,9.3,17.2,2021-04-08
-2.2,1.3,-5.6,0.0,,6,4,10.9,2.6,6.4,10.2,2021-04-09
-0.6,6.6,-6.8,0.1,sn,0,2,4.2,1.7,3.2,4.7,2021-04-10
3.0,4.0,0.0,3.3,sl,0,0,0.1,4.2,7.7,13.6,2021-04-11
5.6,9.9,3.2,0.0,,0,0,9.9,3.2,5.7,9.2,2021-04-12
6.2,10.6,2.8,0.0,,0,0,6.9,2.7,4.2,7.5,2021-04-13
7.1,10.7,4.8,0.0,,0,0,2.3,4.1,7.1,11.7,2021-04-14
8.5,9.2,6.2,0.4,ri,0,0,0.0,8.2,11.8,20.7,2021-04-15
5.8,9.3,2.5,8.8,ri,0,0,1.5,6.8,10.4,17.9,2021-04-16
4.4,6.9,2.1,2.3,sl,0,0,0.1,4.0,9.3,15.3,2021-04-17
2.6,6.2,0.3,2.2,sl,0,0,7.7,5.6,10.0,17.4,2021-04-18
1.6,5.0,-1.1,1.3,sl,0,0,5.0,4.4,8.9,15.0,2021-04-19
2.5,6.5,-0.8,0.9,sn,0,2,6.6,2.9,6.6,10.7,2021-04-20
5.3,7.0,1.9,0.0,,0,0,0.0,3.0,4.6,7.8,2021-04-21
7.1,8.6,5.3,0.2,ri,0,0,0.0,4.5,8.1,12.7,2021-04-22
8.2,10.2,6.1,0.8,ri,0,0,0.3,4.0,8.7,13.4,2021-04-23
8.3,10.0,7.2,1.1,ri,0,0,0.0,5.4,7.2,10.6,2021-04-24
7.3,10.2,6.0,1.8,ri,0,0,6.5,3.0,6.9,11.9,2021-04-25
7.0,12.2,2.0,0.0,,0,0,15.0,1.8,3.5,5.6,2021-04-26
6.4,10.3,3.4,0.0,,0,0,0.0,1.8,3.7,5.4,2021-04-27
7.4,10.4,5.6,0.0,,0,0,14.3,3.6,5.6,9.6,2021-04-28
5.6,9.8,4.0,0.0,,0,0,3.8,1.7,3.4,5.1,2021-04-29
3.9,7.9,1.0,0.0,,0,0,6.3,2.2,6.4,11.6,2021-04-30
3.8,8.3,-1.1,0.0,,0,0,11.2,2.8,4.7,9.5,2021-05-01
4.2,8.4,-0.4,0.0,,0,0,16.0,3.8,5.7,9.2,2021-05-02
4.3,8.7,-2.1,0.0,,0,0,16.2,2.8,7.3,11.7,2021-05-03
4.5,8.4,0.8,0.0,,0,0,16.2,2.9,5.5,9.7,2021-05-04
4.7,8.0,0.0,0.0,,0,0,16.4,2.2,4.2,6.8,2021-05-05
3.6,9.0,0.2,0.0,,0,0,16.5,3.3,6.6,10.8,2021-05-06
2.7,8.2,-2.4,0.0,,0,0,12.3,2.0,5.6,8.4,2021-05-07
3.3,8.0,-0.2,0.2,ri,0,0,16.3,3.4,5.7,9.4,2021-05-08
3.8,9.8,-1.7,0.0,,0,0,15.3,3.4,7.4,12.5,2021-05-09
4.1,8.8,-0.4,0.0,,0,0,16.5,2.8,7.1,11.7,2021-05-10
3.5,8.0,-1.8,0.0,,0,0,16.5,1.8,4.1,6.7,2021-05-11
4.3,8.3,0.2,0.0,,0,0,7.9,1.8,4.1,6.4,2021-05-12
4.6,7.3,2.7,0.0,,0,0,1.7,1.8,3.3,5.2,2021-05-13
4.4,9.0,2.2,0.5,ri,0,0,8.4,2.1,6.4,10.6,2021-05-14
5.3,8.8,1.3,1.4,ri,0,0,9.0,2.0,4.1,8.0,2021-05-15
4.8,9.1,-0.1,0.0,,0,0,9.4,3.2,6.3,9.4,2021-05-16
5.9,8.8,2.8,0.0,,0,0,2.0,3.0,5.0,8.8,2021-05-17
5.9,9.1,3.8,0.0,,0,0,10.7,3.1,4.2,7.6,2021-05-18
4.9,8.6,3.0,0.0,,0,0,4.7,2.0,4.1,6.9,2021-05-19
5.7,9.0,1.1,6.2,sl,0,0,9.6,1.9,4.2,6.6,2021-05-20
6.4,9.4,3.2,0.0,,0,0,15.3,3.0,6.5,10.9,2021-05-21
5.4,10.0,1.3,0.0,,0,0,7.2,2.8,7.0,10.6,2021-05-22
7.1,11.4,4.0,0.5,ri,0,0,8.9,2.4,4.5,8.6,2021-05-23
7.1,10.8,4.3,1.8,ri,0,0,6.7,2.7,4.7,7.4,2021-05-24
8.4,12.0,3.8,1.1,ri,0,0,14.9,5.4,9.2,14.3,2021-05-25
9.3,12.8,7.4,0.0,,0,0,12.3,6.4,8.6,14.2,2021-05-26
8.7,13.3,5.5,0.0,,0,0,17.1,3.8,7.7,12.7,2021-05-27
10.0,13.8,7.2,0.6,ri,0,0,1.8,9.4,13.5,25.5,2021-05-28
8.6,11.8,7.3,13.5,ri,0,0,4.2,8.9,14.7,25.6,2021-05-29
8.1,9.3,5.9,6.4,ri,0,0,3.3,6.7,11.6,20.1,2021-05-30
8.3,11.1,5.0,6.7,ri,0,0,10.5,5.5,8.6,13.4,2021-05-31
7.8,11.3,0.0,4.8,ri,0,0,6.7,4.9,6.9,11.8,2021-06-01
7.8,11.2,5.2,2.7,ri,0,0,5.1,3.2,5.3,9.7,2021-06-02
8.7,10.4,4.9,0.0,,0,0,1.9,5.0,9.3,16.0,2021-06-03
9.9,11.3,8.9,0.3,ri,0,0,0.0,2.9,7.5,12.8,2021-06-04
9.6,12.6,7.8,1.5,ri,0,0,2.0,3.8,8.3,13.8,2021-06-05
9.2,11.0,7.4,0.6,ri,0,0,1.5,2.9,5.4,9.4,2021-06-06
8.8,11.6,7.9,2.2,ri,0,0,1.8,2.3,4.0,6.2,2021-06-07
9.4,11.3,6.9,1.9,ri,0,0,1.6,1.8,3.6,5.7,2021-06-08
9.7,12.5,8.3,0.0,,0,0,1.3,3.9,6.0,10.2,2021-06-09
8.4,11.9,6.9,1.0,ri,0,0,1.7,3.1,7.2,11.9,2021-06-10
6.4,8.9,6.0,4.6,ri,0,0,7.5,5.5,10.2,19.0,2021-06-11
7.4,13.6,3.6,0.0,,0,0,11.6,4.3,8.7,16.0,2021-06-12
6.6,11.1,5.0,0.7,ri,0,0,0.0,4.1,6.9,13.0,2021-06-13
6.7,10.4,4.2,2.0,ri,0,0,8.6,2.8,5.5,9.6,2021-06-14
7.7,11.6,2.9,0.0,,0,0,12.7,4.2,7.7,13.6,2021-06-15
6.5,11.1,2.0,0.0,,0,0,6.4,3.6,8.3,13.5,2021-06-16
6.6,9.0,2.4,0.0,,0,0,4.2,1.6,3.5,6.3,2021-06-17
6.6,9.0,5.8,0.4,ri,0,0,0.0,1.9,3.1,5.3,2021-06-18
7.2,10.3,4.9,5.1,ri,0,0,5.8,3.2,6.1,11.0,2021-06-19
7.9,10.4,5.6,0.0,,0,0,14.7,4.1,5.3,9.4,2021-06-20
8.4,10.2,7.1,0.6,ri,0,0,0.0,5.0,9.0,15.1,2021-06-21
7.6,9.4,5.9,7.3,ri,0,0,5.0,3.4,6.4,11.8,2021-06-22
9.9,14.0,6.7,0.2,ri,0,0,19.3,3.8,5.6,10.0,2021-06-23
9.9,13.1,6.2,0.0,,0,0,7.1,2.6,4.7,7.8,2021-06-24
9.9,11.6,9.2,0.0,,0,0,0.0,5.9,9.5,15.8,2021-06-25
10.7,15.6,7.7,2.2,ri,0,0,13.9,4.3,7.6,11.1,2021-06-26
9.8,14.7,7.5,0.0,,0,0,0.6,2.3,4.1,7.0,2021-06-27
9.4,12.8,7.9,0.3,ri,0,0,5.8,1.9,3.2,5.3,2021-06-28
12.3,18.3,9.1,0.5,ri,0,0,5.2,4.6,7.5,11.7,2021-06-29
11.0,12.2,10.4,0.2,ri,0,0,0.0,4.0,6.2,10.6,2021-06-30
11.4,13.7,10.2,0.8,ri,0,0,0.0,2.0,3.5,5.7,2021-07-01
12.4,16.4,9.4,0.7,ri,0,0,14.0,1.9,3.0,4.6,2021-07-02
12.4,15.9,10.0,0.0,,0,0,15.0,1.8,3.9,6.2,2021-07-03
11.7,14.4,10.2,0.0,,0,0,5.9,1.6,4.0,5.9,2021-07-04
10.4,12.9,9.2,0.0,,0,0,4.4,1.5,3.0,5.0,2021-07-05
10.9,12.7,8.7,0.0,,0,0,0.0,2.8,5.2,8.3,2021-07-06
10.2,12.3,9.0,0.0,,0,0,0.1,3.3,5.1,7.7,2021-07-07
11.7,13.3,9.3,0.0,,0,0,0.0,3.5,5.4,9.0,2021-07-08
13.3,16.7,11.4,0.0,,0,0,3.4,4.8,7.1,11.9,2021-07-09
13.2,18.0,10.8,0.0,,0,0,4.3,3.8,6.8,11.0,2021-07-10
12.9,16.1,11.8,0.0,,0,0,0.4,2.9,5.4,8.9,2021-07-11
12.1,14.0,11.6,0.0,,0,0,0.1,5.9,9.8,15.9,2021-07-12
10.3,13.9,8.7,0.1,ri,0,0,1.4,4.7,6.7,11.5,2021-07-13
9.5,11.5,8.4,0.8,ri,0,0,0.6,4.3,6.9,11.9,2021-07-14
10.3,13.6,8.2,2.5,ri,0,0,0.9,4.9,9.0,15.6,2021-07-15
10.2,13.1,8.8,0.1,ri,0,0,2.2,4.3,6.0,9.9,2021-07-16
9.5,12.6,9.1,0.9,ri,0,0,4.4,2.1,3.3,5.4,2021-07-17
8.7,9.9,7.6,0.8,ri,0,0,0.0,1.2,2.8,4.1,2021-07-18
10.0,12.8,7.9,0.0,,0,0,6.5,1.5,3.2,5.3,2021-07-19
10.9,13.4,9.9,1.2,ri,0,0,0.7,2.8,5.1,8.4,2021-07-20
12.1,14.7,10.1,1.7,ri,0,0,5.7,3.3,5.8,9.7,2021-07-21
13.0,14.4,12.4,0.1,ri,0,0,0.0,4.0,7.5,12.4,2021-07-22
13.2,14.4,12.5,3.7,ri,0,0,0.0,3.8,4.9,9.4,2021-07-23
11.3,13.3,10.2,1.2,ri,0,0,0.3,3.8,5.7,9.8,2021-07-24
9.9,13.2,8.2,1.1,ri,0,0,1.9,6.2,10.6,19.0,2021-07-25
10.1,12.4,8.2,9.8,ri,0,0,2.8,4.4,6.6,12.6,2021-07-26
12.3,15.3,9.1,0.9,ri,0,0,9.9,1.9,6.2,10.9,2021-07-27
14.1,18.4,8.3,0.1,ri,0,0,11.2,1.8,4.5,7.4,2021-07-28
15.7,20.9,10.4,0.0,,0,0,9.8,1.5,2.6,4.8,2021-07-29
15.3,18.9,13.4,0.0,,0,0,11.6,1.5,3.2,5.0,2021-07-30
13.2,18.0,11.4,0.0,,0,0,3.5,1.8,3.4,5.0,2021-07-31
12.4,14.6,11.5,3.6,ri,0,0,0.0,1.4,2.8,4.3,2021-08-01
11.9,13.6,11.0,0.9,ri,0,0,0.0,1.3,2.5,4.4,2021-08-02
12.9,16.4,10.8,0.0,,0,0,1.4,2.7,3.8,6.8,2021-08-03
12.6,15.8,11.1,5.1,ri,0,0,0.5,1.2,3.0,5.2,2021-08-04
13.3,16.2,11.2,6.2,ri,0,0,5.6,1.6,3.0,4.9,2021-08-05
12.1,14.5,11.5,5.0,ri,0,0,3.1,1.8,3.7,5.2,2021-08-06
12.4,15.9,9.4,0.1,ri,0,0,6.1,1.5,3.2,4.5,2021-08-07
14.4,18.1,9.7,5.9,ri,0,0,5.3,2.0,5.2,8.7,2021-08-08
15.3,19.1,12.4,0.0,,0,0,8.4,2.9,6.0,10.2,2021-08-09
14.1,20.3,11.5,0.0,,0,0,15.3,2.6,4.4,7.1,2021-08-10
11.9,15.1,10.1,0.0,,0,0,0.0,1.5,3.0,4.5,2021-08-11
12.9,16.0,10.1,0.0,,0,0,14.9,2.4,5.6,9.3,2021-08-12
12.6,16.7,9.2,0.0,,0,0,14.3,2.0,4.6,7.5,2021-08-13
11.9,14.9,10.2,0.0,,0,0,4.6,2.5,4.2,6.8,2021-08-14
11.0,13.0,10.0,0.0,,0,0,2.2,3.0,4.9,7.7,2021-08-15
11.3,13.5,10.1,0.5,ri,0,0,0.0,2.2,3.4,5.4,2021-08-16
11.7,13.8,10.7,1.5,ri,0,0,1.8,3.1,5.1,8.3,2021-08-17
13.1,15.0,11.4,0.6,ri,0,0,0.3,2.0,4.0,6.8,2021-08-18
12.4,14.6,11.6,0.0,,0,0,0.0,2.6,3.7,5.6,2021-08-19
11.5,13.6,9.3,0.0,,0,0,1.0,2.4,4.7,7.1,2021-08-20
10.9,14.0,9.3,0.0,,0,0,0.2,2.5,4.9,8.8,2021-08-21
12.8,15.6,9.3,5.1,ri,0,0,0.4,3.8,7.9,12.4,2021-08-22
15.1,16.8,12.8,1.7,ri,0,0,0.1,5.2,9.2,16.0,2021-08-23
15.6,17.5,14.2,0.0,,0,0,0.1,4.6,7.2,11.3,2021-08-24
14.1,16.4,13.1,0.0,,0,0,0.0,5.8,8.3,13.6,2021-08-25
12.9,15.4,11.0,4.1,ri,0,0,1.1,4.2,8.0,13.4,2021-08-26
12.8,14.4,12.1,0.5,ri,0,0,1.6,7.7,11.2,18.8,2021-08-27
10.6,13.0,9.2,4.1,ri,0,0,0.1,4.0,6.7,12.2,2021-08-28
11.2,12.5,10.2,0.3,ri,0,0,0.3,4.1,6.1,10.3,2021-08-29
12.0,13.0,11.0,10.3,ri,0,0,0.0,3.9,5.3,9.2,2021-08-30
13.2,16.5,12.0,0.5,ri,0,0,0.8,3.4,5.0,8.7,2021-08-31
12.5,14.6,11.2,0.2,ri,0,0,0.0,3.3,4.8,9.3,2021-09-01
13.0,14.3,12.0,0.0,,0,0,0.0,2.3,4.3,7.0,2021-09-02
13.5,15.1,12.3,0.0,,0,0,0.0,4.4,6.2,10.4,2021-09-03
13.0,14.0,12.4,0.3,ri,0,0,0.1,7.3,11.8,21.5,2021-09-04
10.1,13.2,9.2,7.7,ri,0,0,4.2,4.4,8.3,13.9,2021-09-05
9.9,11.9,8.8,2.2,ri,0,0,0.0,2.2,4.8,8.5,2021-09-06
10.1,12.6,8.3,9.9,ri,0,0,5.3,2.9,4.9,8.2,2021-09-07
9.2,12.0,7.1,0.5,ri,0,0,1.4,3.1,6.8,10.4,2021-09-08
10.1,12.3,8.2,0.1,ri,0,0,1.0,2.2,4.3,6.9,2021-09-09
9.5,11.2,9.1,0.1,ri,0,0,0.1,2.2,4.7,7.9,2021-09-10
9.4,12.1,8.2,4.3,ri,0,0,3.7,1.8,3.8,5.6,2021-09-11
10.3,11.7,7.3,1.4,ri,0,0,0.0,6.9,12.4,20.5,2021-09-12
10.0,12.9,6.3,18.6,ri,0,0,2.2,7.5,11.1,20.4,2021-09-13
8.5,11.1,6.5,6.2,ri,0,0,1.7,5.4,8.0,15.9,2021-09-14
10.6,14.6,7.0,1.1,ri,0,0,4.7,3.5,7.4,13.8,2021-09-15
9.9,13.1,8.3,6.0,ri,0,0,0.0,2.8,7.7,12.4,2021-09-16
7.2,9.7,6.6,5.3,ri,0,0,3.7,3.2,6.3,11.7,2021-09-17
7.5,9.8,4.6,1.3,ri,0,0,0.4,2.4,5.7,9.2,2021-09-18
9.3,12.4,7.9,12.9,ri,0,0,4.8,4.3,9.3,15.1,2021-09-19
8.8,11.0,7.9,11.6,ri,0,0,0.5,4.3,9.5,16.8,2021-09-20
6.4,12.8,4.5,6.1,ri,0,0,0.4,6.7,11.3,22.6,2021-09-21
3.7,6.4,0.8,7.7,sl,0,0,3.0,3.3,10.8,18.6,2021-09-22
3.8,4.9,2.0,8.2,sl,0,0,0.0,4.0,9.6,15.8,2021-09-23
5.2,8.3,1.5,6.6,sl,0,0,6.8,3.4,5.6,9.4,2021-09-24
5.5,8.1,3.4,0.0,,0,0,0.9,4.1,6.5,12.3,2021-09-25
5.8,7.0,3.8,0.0,,0,0,0.0,6.8,8.9,18.2,2021-09-26
3.4,6.8,2.8,0.0,,0,0,2.6,7.5,10.4,18.6,2021-09-27
2.8,5.3,-0.4,0.0,,0,0,0.0,6.3,10.9,20.0,2021-09-28
4.8,6.8,3.1,4.1,sl,0,0,4.2,7.4,11.3,19.0,2021-09-29
6.0,9.4,2.7,2.0,ri,0,0,1.0,3.8,7.6,14.6,2021-09-30
7.0,11.5,5.0,0.0,,0,0,5.1,4.5,9.5,18.6,2021-10-01
6.4,9.2,5.1,0.0,,0,0,4.4,4.1,10.1,16.1,2021-10-02
6.9,10.8,4.4,1.1,ri,0,0,5.7,4.2,9.9,17.6,2021-10-03
4.6,9.6,3.1,0.0,,0,0,9.1,4.2,9.0,15.6,2021-10-04
5.2,8.3,1.5,0.0,,0,0,4.6,2.2,4.4,8.2,2021-10-05
6.2,8.9,4.0,0.1,ri,0,0,6.8,3.9,7.8,12.4,2021-10-06
8.9,10.4,5.9,0.1,ri,0,0,0.0,7.6,11.6,19.3,2021-10-07
9.7,12.2,8.3,3.2,ri,0,0,1.2,5.5,9.8,16.1,2021-10-08
7.5,10.3,6.4,6.6,ri,0,0,0.0,3.1,6.3,10.0,2021-10-09
5.1,7.6,3.9,5.2,ri,0,0,4.0,2.0,4.0,6.5,2021-10-10
4.7,9.1,0.7,0.2,ri,0,0,7.8,2.1,5.0,7.8,2021-10-11
8.0,9.9,4.1,0.0,,0,0,0.0,4.2,6.3,9.6,2021-10-12
5.4,10.3,4.2,11.3,ri,0,0,4.0,5.7,10.3,17.2,2021-10-13
3.2,5.8,-0.3,0.1,ri,0,0,9.1,3.0,11.9,18.5,2021-10-14
5.6,7.9,2.0,0.8,ri,0,0,0.3,3.0,6.9,11.5,2021-10-15
2.8,6.5,0.9,1.1,ri,0,0,0.7,2.9,5.1,8.4,2021-10-16
2.9,4.9,0.4,4.2,sl,1,4,0.0,7.0,10.6,16.9,2021-10-17
8.5,11.2,3.9,7.4,sl,0,0,0.0,4.7,10.1,17.4,2021-10-18
5.9,11.3,4.9,0.2,ri,0,0,7.7,5.4,9.7,15.3,2021-10-19
1.8,5.2,-0.6,0.0,,0,0,6.5,3.6,7.8,12.1,2021-10-20
5.0,7.9,0.6,0.0,,0,0,0.2,4.1,7.2,12.2,2021-10-21
4.7,5.5,1.2,0.0,,0,0,0.0,5.2,8.3,15.9,2021-10-22
7.6,9.0,4.4,7.4,ri,0,0,0.5,2.7,4.4,7.2,2021-10-23
7.8,9.8,6.8,0.6,ri,0,0,0.0,3.1,4.8,9.2,2021-10-24
4.4,8.5,3.6,2.3,ri,0,0,0.0,2.4,4.5,7.8,2021-10-25
5.5,8.1,1.9,0.2,ri,0,0,0.0,5.5,13.7,23.5,2021-10-26
4.9,7.8,4.4,2.9,ri,0,0,6.8,3.0,13.7,20.2,2021-10-27
4.9,8.0,1.8,0.0,,0,0,1.6,2.3,4.8,8.9,2021-10-28
6.2,8.6,2.9,0.1,ri,0,0,2.0,2.7,6.3,11.1,2021-10-29
5.2,10.1,3.8,0.0,,0,0,7.7,1.2,2.5,4.4,2021-10-30
2.6,5.9,0.9,0.0,,0,0,6.5,5.3,9.2,15.4,2021-10-31
2.1,4.0,0.5,0.0,,0,0,2.5,5.4,9.5,16.0,2021-11-01
-1.1,2.7,-1.7,0.0,,0,0,1.4,5.9,9.7,16.5,2021-11-02
0.9,6.4,-5.2,0.0,,0,0,0.1,3.3,6.9,11.5,2021-11-03
4.9,7.1,3.3,2.8,ri,0,0,0.0,2.9,5.9,10.5,2021-11-04
3.7,5.6,2.6,3.5,ri,0,0,0.8,2.7,5.3,10.3,2021-11-05
2.2,4.4,0.6,13.9,sl,0,2,0.0,4.1,6.2,11.3,2021-11-06
1.3,2.9,-0.9,9.4,sl,0,0,2.1,4.0,8.3,12.9,2021-11-07
5.2,7.0,1.1,8.0,ri,0,0,0.5,6.1,11.3,18.2,2021-11-08
3.9,6.8,2.8,7.4,ri,0,0,1.6,3.0,5.8,11.7,2021-11-09
1.5,4.4,1.6,1.2,ri,0,0,1.2,1.4,4.7,8.4,2021-11-10
1.4,3.3,-1.4,0.1,ri,0,0,1.0,3.7,6.0,11.6,2021-11-11
1.3,2.7,-0.7,0.0,,0,0,1.1,2.8,5.0,8.5,2021-11-12
7.1,9.0,1.5,0.0,,0,0,0.0,9.9,15.7,30.2,2021-11-13
4.9,10.6,1.9,15.0,ri,0,0,0.5,8.6,13.8,22.5,2021-11-14
2.7,5.2,0.6,7.4,sl,0,2,0.1,5.4,10.2,18.4,2021-11-15
2.0,4.0,0.4,4.7,sl,0,2,0.0,4.8,12.2,20.6,2021-11-16
-1.4,2.5,-2.8,2.8,sl,0,0,0.0,3.4,7.1,11.1,2021-11-17
2.5,4.2,-2.1,3.5,sn,0,2,0.0,2.8,6.9,12.2,2021-11-18
3.5,4.8,1.8,10.1,ri,0,0,0.4,2.7,4.8,7.6,2021-11-19
0.2,4.3,-0.9,4.1,ri,0,0,2.9,2.8,5.6,9.5,2021-11-20
4.1,6.5,-1.4,4.7,sl,0,0,0.0,4.2,7.3,11.0,2021-11-21
5.8,8.6,4.1,6.0,ri,0,0,0.0,6.1,11.7,19.1,2021-11-22
1.8,6.0,0.3,2.7,ri,0,0,0.0,3.2,8.2,14.2,2021-11-23
-0.1,1.3,-1.9,1.4,sn,0,0,0.0,4.7,9.8,18.2,2021-11-24
2.8,5.6,-1.9,3.0,sl,0,0,0.0,4.4,7.0,14.2,2021-11-25
-2.6,2.0,-4.7,4.8,ri,0,0,3.2,2.8,8.3,13.6,2021-11-26
0.2,1.5,-5.0,0.0,,0,2,0.0,2.6,4.8,7.6,2021-11-27
3.1,4.8,0.6,0.3,sl,0,0,0.0,2.2,6.2,10.3,2021-11-28
0.6,5.8,-1.9,13.8,ri,0,0,0.0,2.7,5.4,10.3,2021-11-29
-0.8,2.0,-2.0,9.0,sn,10,4,2.3,3.0,6.4,11.4,2021-11-30
-3.4,-1.3,-6.6,1.4,sn,10,4,0.8,3.4,6.6,10.7,2021-12-01
2.5,3.8,-2.5,1.7,sn,6,4,0.4,4.9,11.3,16.8,2021-12-02
-1.2,3.2,-1.9,1.0,sl,5,4,0.1,2.4,6.3,10.9,2021-12-03
-3.6,-0.5,-4.9,1.8,sn,6,4,2.8,2.0,4.5,6.6,2021-12-04
3.0,4.5,-4.9,0.0,,0,2,0.0,8.7,15.4,26.3,2021-12-05
2.4,5.4,1.6,18.2,ri,0,0,0.0,4.4,8.2,14.3,2021-12-06
-1.3,2.8,-3.2,0.6,sl,0,0,0.0,3.3,6.3,9.8,2021-12-07
0.3,2.1,-2.7,1.0,sn,0,2,0.0,5.9,9.0,13.7,2021-12-08
1.5,3.5,-0.8,3.9,sl,0,2,0.0,4.0,8.8,15.7,2021-12-09
-1.1,1.5,-4.4,2.4,sl,5,4,0.4,2.6,7.8,13.3,2021-12-10
4.2,5.5,-2.3,10.0,ri,0,2,0.0,7.6,10.9,19.1,2021-12-11
5.0,5.9,3.6,8.5,ri,0,0,0.0,5.5,9.6,14.0,2021-12-12
3.0,5.9,2.3,11.2,ri,0,0,0.0,3.1,6.7,11.5,2021-12-13
2.6,4.3,1.4,7.6,ri,0,0,0.0,4.3,9.7,20.9,2021-12-14
4.0,5.1,1.0,8.1,ri,0,0,0.0,4.7,9.8,17.0,2021-12-15
7.6,9.0,4.3,4.5,ri,0,0,0.0,8.9,12.9,20.4,2021-12-16
5.2,8.1,4.8,3.6,ri,0,0,0.0,2.6,8.3,14.6,2021-12-17
7.5,8.4,3.8,4.2,ri,0,0,0.0,3.6,5.2,8.3,2021-12-18
7.4,8.8,6.8,0.9,ri,0,0,0.0,3.2,6.6,11.4,2021-12-19
4.6,7.3,3.9,0.0,,0,0,0.0,1.2,2.9,4.3,2021-12-20
2.0,5.1,-0.4,1.0,ri,0,0,0.2,2.9,4.4,6.9,2021-12-21
1.1,3.7,-0.8,0.0,,0,0,0.0,2.8,4.7,9.5,2021-12-22
0.2,2.8,-2.0,0.0,,0,0,0.5,1.7,4.8,9.8,2021-12-23
-0.3,1.7,-2.0,0.0,,0,0,1.2,2.7,4.6,8.4,2021-12-24
2.0,3.3,0.2,0.0,,0,0,0.0,2.3,4.9,8.7,2021-12-25
0.6,3.6,-0.4,0.0,,0,0,0.0,2.1,4.5,7.6,2021-12-26
-2.6,0.8,-3.6,0.5,sn,0,2,2.0,1.4,2.6,4.2,2021-12-27
-2.2,-1.3,-6.7,0.0,,0,2,0.2,3.9,9.9,18.2,2021-12-28
-0.9,0.8,-3.3,0.1,sn,2,4,0.0,3.7,10.0,17.7,2021-12-29
-3.5,0.0,-6.4,0.0,,0,2,1.7,1.8,3.3,5.0,2021-12-30
1.1,1.7,-3.9,0.0,,0,2,0.0,5.2,6.4,11.0,2021-12-31
